jline/GlobalConstants.java	java-already	jar/src/main/kotlin/jline/GlobalConstants.java
jline/VerboseLevel.java	java-already	jar/src/main/kotlin/jline/VerboseLevel.java
jline/api/aoi/Aoi_dist2ph.kt	kt-post-migration-only	NONE
jline/api/aoi/Aoi_extract_params.kt	kt-post-migration-only	NONE
jline/api/aoi/Aoi_fcfs_dm1.kt	kt-post-migration-only	NONE
jline/api/aoi/Aoi_fcfs_gim1.kt	kt-post-migration-only	NONE
jline/api/aoi/Aoi_fcfs_md1.kt	kt-post-migration-only	NONE
jline/api/aoi/Aoi_fcfs_mgi1.kt	kt-post-migration-only	NONE
jline/api/aoi/Aoi_fcfs_mm1.kt	kt-post-migration-only	NONE
jline/api/aoi/Aoi_is_aoi.kt	kt-post-migration-only	NONE
jline/api/aoi/Aoi_lcfsd_gim1.kt	kt-post-migration-only	NONE
jline/api/aoi/Aoi_lcfsd_mgi1.kt	kt-post-migration-only	NONE
jline/api/aoi/Aoi_lcfspr_dm1.kt	kt-post-migration-only	NONE
jline/api/aoi/Aoi_lcfspr_gim1.kt	kt-post-migration-only	NONE
jline/api/aoi/Aoi_lcfspr_md1.kt	kt-post-migration-only	NONE
jline/api/aoi/Aoi_lcfspr_mgi1.kt	kt-post-migration-only	NONE
jline/api/aoi/Aoi_lcfspr_mm1.kt	kt-post-migration-only	NONE
jline/api/aoi/Aoi_lcfss_gim1.kt	kt-post-migration-only	NONE
jline/api/aoi/Aoi_lcfss_mgi1.kt	kt-post-migration-only	NONE
jline/api/aoi/Aoi_lst.kt	kt-post-migration-only	NONE
jline/api/aoi/Aoi_result.kt	kt-post-migration-only	NONE
jline/api/aoi/Aoi_solve_bufferless.kt	kt-post-migration-only	NONE
jline/api/aoi/Aoi_solve_singlebuffer.kt	kt-post-migration-only	NONE
jline/api/aoi/package-info.java	java-already	jar/src/main/kotlin/jline/api/aoi/package-info.java
jline/api/cache/Cache_erec.kt	kt-with-aggregated	/home/gcasale/Dropbox/code/line-stash.git/old-versions/2.0.36/extracted/line-2.0.36/java/src/main/java/jline/api/CACHE.java#cache_erec
jline/api/cache/Cache_gamma.kt	kt-with-aggregated	/home/gcasale/Dropbox/code/line-stash.git/old-versions/2.0.35/extracted/imperial-qore-line-solver-7b034f1/java/src/main/java/jline/api/CACHE.java#cache_gamma
jline/api/cache/Cache_gamma_lp.kt	kt-with-aggregated	/home/gcasale/Dropbox/code/line-stash.git/old-versions/2.0.35/extracted/imperial-qore-line-solver-7b034f1/java/src/main/java/jline/api/CACHE.java#cache_gamma_lp
jline/api/cache/Cache_is.kt	kt-post-migration-only	NONE
jline/api/cache/Cache_miss.kt	kt-with-aggregated	/home/gcasale/Dropbox/code/line-stash.git/old-versions/2.0.36/extracted/line-2.0.36/java/src/main/java/jline/api/CACHE.java#cache_miss
jline/api/cache/Cache_miss_asy.kt	kt-post-migration-only	NONE
jline/api/cache/Cache_miss_fpi.kt	kt-post-migration-only	NONE
jline/api/cache/Cache_miss_is.kt	kt-post-migration-only	NONE
jline/api/cache/Cache_miss_rayint.kt	kt-with-aggregated	/home/gcasale/Dropbox/code/line-stash.git/old-versions/2.0.36/extracted/line-2.0.36/java/src/main/java/jline/api/CACHE.java#cache_miss_rayint
jline/api/cache/Cache_miss_spm.kt	kt-post-migration-only	NONE
jline/api/cache/Cache_mva.kt	kt-with-aggregated	/home/gcasale/Dropbox/code/line-stash.git/old-versions/2.0.35/extracted/imperial-qore-line-solver-7b034f1/java/src/main/java/jline/api/CACHE.java#cache_mva
jline/api/cache/Cache_mva_miss.kt	kt-post-migration-only	NONE
jline/api/cache/Cache_prob_erec.kt	kt-with-aggregated	/home/gcasale/Dropbox/code/line-stash.git/old-versions/2.0.36/extracted/line-2.0.36/java/src/main/java/jline/api/CACHE.java#cache_prob_erec
jline/api/cache/Cache_prob_fpi.kt	kt-post-migration-only	NONE
jline/api/cache/Cache_prob_is.kt	kt-post-migration-only	NONE
jline/api/cache/Cache_prob_rayint.kt	kt-with-aggregated	/home/gcasale/Dropbox/code/line-stash.git/old-versions/2.0.36/extracted/line-2.0.36/java/src/main/java/jline/api/CACHE.java#cache_prob_rayint
jline/api/cache/Cache_prob_spm.kt	kt-post-migration-only	NONE
jline/api/cache/Cache_rayint.kt	kt-with-aggregated	/home/gcasale/Dropbox/code/line-stash.git/old-versions/2.0.36/extracted/line-2.0.36/java/src/main/java/jline/api/CACHE.java#cache_rayint
jline/api/cache/Cache_rrm_meanfield_ode.kt	kt-post-migration-only	NONE
jline/api/cache/Cache_spm.kt	kt-post-migration-only	NONE
jline/api/cache/Cache_t_hlru.kt	kt-with-aggregated	/home/gcasale/Dropbox/code/line-stash.git/old-versions/2.0.36/extracted/line-2.0.36/java/src/main/java/jline/api/CACHE.java#cache_t_hlru
jline/api/cache/Cache_t_lrum.kt	kt-with-aggregated	/home/gcasale/Dropbox/code/line-stash.git/old-versions/2.0.36/extracted/line-2.0.36/java/src/main/java/jline/api/CACHE.java#cache_t_lrum
jline/api/cache/Cache_t_lrum_map.kt	kt-with-aggregated	/home/gcasale/Dropbox/code/line-stash.git/old-versions/2.0.36/extracted/line-2.0.36/java/src/main/java/jline/api/CACHE.java#cache_t_lrum_map
jline/api/cache/Cache_ttl_hlru.kt	kt-with-aggregated	/home/gcasale/Dropbox/code/line-stash.git/old-versions/2.0.35/extracted/imperial-qore-line-solver-7b034f1/java/src/main/java/jline/api/CACHE.java#cache_ttl_hlru
jline/api/cache/Cache_ttl_lrua.kt	kt-with-aggregated	/home/gcasale/Dropbox/code/line-stash.git/old-versions/2.0.36/extracted/line-2.0.36/java/src/main/java/jline/api/CACHE.java#cache_ttl_lrua
jline/api/cache/Cache_ttl_lrum.kt	kt-with-aggregated	/home/gcasale/Dropbox/code/line-stash.git/old-versions/2.0.35/extracted/imperial-qore-line-solver-7b034f1/java/src/main/java/jline/api/CACHE.java#cache_ttl_lrum
jline/api/cache/Cache_ttl_lrum_map.kt	kt-with-aggregated	/home/gcasale/Dropbox/code/line-stash.git/old-versions/2.0.36/extracted/line-2.0.36/java/src/main/java/jline/api/CACHE.java#cache_ttl_lrum_map
jline/api/cache/Cache_ttl_tree.kt	kt-with-aggregated	/home/gcasale/Dropbox/code/line-stash.git/old-versions/2.0.35/extracted/imperial-qore-line-solver-7b034f1/java/src/main/java/jline/api/CACHE.java#cache_ttl_tree
jline/api/cache/Cache_xi_bvh.kt	kt-with-aggregated	/home/gcasale/Dropbox/code/line-stash.git/old-versions/2.0.36/extracted/line-2.0.36/java/src/main/java/jline/api/CACHE.java#cache_xi_bvh
jline/api/cache/Cache_xi_fp.kt	kt-with-aggregated	/home/gcasale/Dropbox/code/line-stash.git/old-versions/2.0.35/extracted/imperial-qore-line-solver-7b034f1/java/src/main/java/jline/api/CACHE.java#cache_xi_fp
jline/api/cache/Cache_xi_iter.kt	kt-post-migration-only	NONE
jline/api/cache/package-info.java	java-already	jar/src/main/kotlin/jline/api/cache/package-info.java
jline/api/fes/FESAggregator.kt	kt-post-migration-only	NONE
jline/api/fes/FESOptions.kt	kt-post-migration-only	NONE
jline/api/fes/FESResult.kt	kt-post-migration-only	NONE
jline/api/fj/FJConvert.kt	kt-post-migration-only	NONE
jline/api/fj/FJValidation.kt	kt-post-migration-only	NONE
jline/api/fj/FJ_bounds.kt	kt-post-migration-only	NONE
jline/api/fj/FJ_char_max.kt	kt-post-migration-only	NONE
jline/api/fj/FJ_harmonic.kt	kt-post-migration-only	NONE
jline/api/fj/FJ_order_stat.kt	kt-post-migration-only	NONE
jline/api/fj/FJ_quantile.kt	kt-post-migration-only	NONE
jline/api/fj/FJ_respt.kt	kt-post-migration-only	NONE
jline/api/fj/FJ_rmax.kt	kt-post-migration-only	NONE
jline/api/fj/FJ_sm_tput.kt	kt-post-migration-only	NONE
jline/api/fj/FJ_synch_delay.kt	kt-post-migration-only	NONE
jline/api/fj/FJ_xmax.kt	kt-post-migration-only	NONE
jline/api/lossn/Lossn_erlangfp.kt	kt-with-aggregated	/home/gcasale/Dropbox/code/line-stash.git/old-versions/2.0.36/extracted/line-2.0.36/java/src/main/java/jline/api/LOSSN.java#lossn_erlangfp
jline/api/lossn/package-info.java	java-already	jar/src/main/kotlin/jline/api/lossn/package-info.java
jline/api/lsn/LsnMaxMultiplicity.kt	kt-post-migration-only	NONE
jline/api/lsn/package-info.java	java-already	jar/src/main/kotlin/jline/api/lsn/package-info.java
jline/api/mam/Amap2_fit_gamma.kt	kt-post-migration-only	NONE
jline/api/mam/Amap2_fit_gamma_map.kt	kt-post-migration-only	NONE
jline/api/mam/Amap2_fit_gamma_trace.kt	kt-post-migration-only	NONE
jline/api/mam/Aph2_adjust.kt	kt-with-aggregated	/home/gcasale/Dropbox/code/line-stash.git/old-versions/2.0.35/extracted/imperial-qore-line-solver-7b034f1/java/src/main/java/jline/api/MAM.java#aph2_adjust
jline/api/mam/Aph2_assemble.kt	kt-with-aggregated	/home/gcasale/Dropbox/code/line-stash.git/old-versions/2.0.35/extracted/imperial-qore-line-solver-7b034f1/java/src/main/java/jline/api/MAM.java#aph2_assemble
jline/api/mam/Aph2_fit.kt	kt-with-aggregated	/home/gcasale/Dropbox/code/line-stash.git/old-versions/2.0.35/extracted/imperial-qore-line-solver-7b034f1/java/src/main/java/jline/api/MAM.java#aph2_fit
jline/api/mam/Aph2_fit_map.kt	kt-post-migration-only	NONE
jline/api/mam/Aph2_fit_trace.kt	kt-post-migration-only	NONE
jline/api/mam/Aph2_fitall.kt	kt-with-aggregated	/home/gcasale/Dropbox/code/line-stash.git/old-versions/2.0.35/extracted/imperial-qore-line-solver-7b034f1/java/src/main/java/jline/api/MAM.java#aph2_fitall
jline/api/mam/Aph_bernstein.kt	kt-post-migration-only	NONE
jline/api/mam/Aph_convseq.kt	kt-post-migration-only	NONE
jline/api/mam/Aph_fit.kt	kt-with-aggregated	/home/gcasale/Dropbox/code/line-stash.git/old-versions/2.0.35/extracted/imperial-qore-line-solver-7b034f1/java/src/main/java/jline/api/MAM.java#aph_fit
jline/api/mam/Aph_rand.kt	kt-post-migration-only	NONE
jline/api/mam/Aph_simplify.kt	kt-post-migration-only	NONE
jline/api/mam/Dmap_dist.kt	kt-post-migration-only	NONE
jline/api/mam/Dmap_moment.kt	kt-post-migration-only	NONE
jline/api/mam/Dmap_pie.kt	kt-post-migration-only	NONE
jline/api/mam/Dmap_sample.kt	kt-post-migration-only	NONE
jline/api/mam/Ldqbd.kt	kt-post-migration-only	NONE
jline/api/mam/Mamap22_fit_gamma_fs_trace.kt	kt-post-migration-only	NONE
jline/api/mam/Mamap22_fit_multiclass.kt	kt-post-migration-only	NONE
jline/api/mam/Mamap2m_coefficients.kt	kt-post-migration-only	NONE
jline/api/mam/Mamap2m_fit.kt	kt-with-aggregated	/home/gcasale/Dropbox/code/line-stash.git/old-versions/2.0.35/extracted/imperial-qore-line-solver-7b034f1/java/src/main/java/jline/api/MAM.java#mamap2m_fit
jline/api/mam/Mamap2m_fit_fb_multiclass.kt	kt-post-migration-only	NONE
jline/api/mam/Mamap2m_fit_gamma_fb_mmap.kt	kt-with-aggregated	/home/gcasale/Dropbox/code/line-stash.git/old-versions/2.0.35/extracted/imperial-qore-line-solver-7b034f1/java/src/main/java/jline/api/MAM.java#mamap2m_fit_gamma_fb_mmap
jline/api/mam/Mamap2m_fit_gamma_fb_trace.kt	kt-post-migration-only	NONE
jline/api/mam/Mamap2m_fit_mmap.kt	kt-post-migration-only	NONE
jline/api/mam/Mamap2m_fit_trace.kt	kt-post-migration-only	NONE
jline/api/mam/Map2_fit.kt	kt-with-aggregated	/home/gcasale/Dropbox/code/line-stash.git/old-versions/2.0.35/extracted/imperial-qore-line-solver-7b034f1/java/src/main/java/jline/api/MAM.java#map2_fit
jline/api/mam/Map2mmpp.kt	kt-post-migration-only	NONE
jline/api/mam/Map2ph.kt	kt-post-migration-only	NONE
jline/api/mam/Map_acf.kt	kt-with-aggregated	/home/gcasale/Dropbox/code/line-stash.git/old-versions/2.0.35/extracted/imperial-qore-line-solver-7b034f1/java/src/main/java/jline/api/MAM.java#map_acf
jline/api/mam/Map_acfc.kt	kt-with-aggregated	/home/gcasale/Dropbox/code/line-stash.git/old-versions/2.0.35/extracted/imperial-qore-line-solver-7b034f1/java/src/main/java/jline/api/MAM.java#map_acfc
jline/api/mam/Map_anfit.kt	kt-post-migration-only	NONE
jline/api/mam/Map_bernstein.kt	kt-post-migration-only	NONE
jline/api/mam/Map_block.kt	kt-post-migration-only	NONE
jline/api/mam/Map_ccdf_derivative.kt	kt-post-migration-only	NONE
jline/api/mam/Map_cdf.kt	kt-with-aggregated	/home/gcasale/Dropbox/code/line-stash.git/old-versions/2.0.35/extracted/imperial-qore-line-solver-7b034f1/java/src/main/java/jline/api/MAM.java#map_cdf
jline/api/mam/Map_checkfeasible.kt	kt-with-aggregated	/home/gcasale/Dropbox/code/line-stash.git/old-versions/2.0.35/extracted/imperial-qore-line-solver-7b034f1/java/src/main/java/jline/api/MAM.java#map_checkfeasible
jline/api/mam/Map_count_mean.kt	kt-with-aggregated	/home/gcasale/Dropbox/code/line-stash.git/old-versions/2.0.36/extracted/line-2.0.36/java/src/main/java/jline/api/MAM.java#map_count_mean
jline/api/mam/Map_count_moment.kt	kt-post-migration-only	NONE
jline/api/mam/Map_count_var.kt	kt-with-aggregated	/home/gcasale/Dropbox/code/line-stash.git/old-versions/2.0.36/extracted/line-2.0.36/java/src/main/java/jline/api/MAM.java#map_count_var
jline/api/mam/Map_dist.kt	kt-post-migration-only	NONE
jline/api/mam/Map_dist_acf.kt	kt-post-migration-only	NONE
jline/api/mam/Map_embedded.kt	kt-with-aggregated	/home/gcasale/Dropbox/code/line-stash.git/old-versions/2.0.35/extracted/imperial-qore-line-solver-7b034f1/java/src/main/java/jline/api/MAM.java#map_embedded
jline/api/mam/Map_erlang.kt	kt-with-aggregated	/home/gcasale/Dropbox/code/line-stash.git/old-versions/2.0.36/extracted/line-2.0.36/java/src/main/java/jline/api/MAM.java#map_erlang
jline/api/mam/Map_exp_mul_int.kt	kt-post-migration-only	NONE
jline/api/mam/Map_exponential.kt	kt-with-aggregated	/home/gcasale/Dropbox/code/line-stash.git/old-versions/2.0.35/extracted/imperial-qore-line-solver-7b034f1/java/src/main/java/jline/api/MAM.java#map_exponential
jline/api/mam/Map_feasblock.kt	kt-post-migration-only	NONE
jline/api/mam/Map_feastol.kt	kt-with-aggregated	/home/gcasale/Dropbox/code/line-stash.git/old-versions/2.0.35/extracted/imperial-qore-line-solver-7b034f1/java/src/main/java/jline/api/MAM.java#map_feastol
jline/api/mam/Map_gamma.kt	kt-with-aggregated	/home/gcasale/Dropbox/code/line-stash.git/old-versions/2.0.35/extracted/imperial-qore-line-solver-7b034f1/java/src/main/java/jline/api/MAM.java#map_gamma
jline/api/mam/Map_gamma2.kt	kt-with-aggregated	/home/gcasale/Dropbox/code/line-stash.git/old-versions/2.0.36/extracted/line-2.0.36/java/src/main/java/jline/api/MAM.java#map_gamma2
jline/api/mam/Map_hyperexp.kt	kt-with-aggregated	/home/gcasale/Dropbox/code/line-stash.git/old-versions/2.0.35/extracted/imperial-qore-line-solver-7b034f1/java/src/main/java/jline/api/MAM.java#map_hyperexp
jline/api/mam/Map_idc.kt	kt-with-aggregated	/home/gcasale/Dropbox/code/line-stash.git/old-versions/2.0.34/extracted/imperial-qore-line-solver-6da0e5e/java/src/main/java/jline/api/MAM.java#map_idc
jline/api/mam/Map_infgen.kt	kt-with-aggregated	/home/gcasale/Dropbox/code/line-stash.git/old-versions/2.0.35/extracted/imperial-qore-line-solver-7b034f1/java/src/main/java/jline/api/MAM.java#map_infgen
jline/api/mam/Map_isfeasible.kt	kt-with-aggregated	/home/gcasale/Dropbox/code/line-stash.git/old-versions/2.0.35/extracted/imperial-qore-line-solver-7b034f1/java/src/main/java/jline/api/MAM.java#map_isfeasible
jline/api/mam/Map_joint.kt	kt-post-migration-only	NONE
jline/api/mam/Map_jointpdf_derivative.kt	kt-post-migration-only	NONE
jline/api/mam/Map_kpc.kt	kt-post-migration-only	NONE
jline/api/mam/Map_kurt.kt	kt-post-migration-only	NONE
jline/api/mam/Map_lambda.kt	kt-with-aggregated	/home/gcasale/Dropbox/code/line-stash.git/old-versions/2.0.35/extracted/imperial-qore-line-solver-7b034f1/java/src/main/java/jline/api/MAM.java#map_lambda
jline/api/mam/Map_largemap.kt	kt-with-aggregated	/home/gcasale/Dropbox/code/line-stash.git/old-versions/2.0.35/extracted/imperial-qore-line-solver-7b034f1/java/src/main/java/jline/api/MAM.java#map_largemap
jline/api/mam/Map_mark.kt	kt-with-aggregated	/home/gcasale/Dropbox/code/line-stash.git/old-versions/2.0.36/extracted/line-2.0.36/java/src/main/java/jline/api/MAM.java#map_mark
jline/api/mam/Map_max.kt	kt-post-migration-only	NONE
jline/api/mam/Map_mean.kt	kt-with-aggregated	/home/gcasale/Dropbox/code/line-stash.git/old-versions/2.0.35/extracted/imperial-qore-line-solver-7b034f1/java/src/main/java/jline/api/MAM.java#map_mean
jline/api/mam/Map_mixture.kt	kt-post-migration-only	NONE
jline/api/mam/Map_mmpp2.kt	kt-post-migration-only	NONE
jline/api/mam/Map_moment.kt	kt-with-aggregated	/home/gcasale/Dropbox/code/line-stash.git/old-versions/2.0.35/extracted/imperial-qore-line-solver-7b034f1/java/src/main/java/jline/api/MAM.java#map_moment
jline/api/mam/Map_normalize.kt	kt-with-aggregated	/home/gcasale/Dropbox/code/line-stash.git/old-versions/2.0.35/extracted/imperial-qore-line-solver-7b034f1/java/src/main/java/jline/api/MAM.java#map_normalize
jline/api/mam/Map_pdf.kt	kt-post-migration-only	NONE
jline/api/mam/Map_pie.kt	kt-with-aggregated	/home/gcasale/Dropbox/code/line-stash.git/old-versions/2.0.35/extracted/imperial-qore-line-solver-7b034f1/java/src/main/java/jline/api/MAM.java#map_pie
jline/api/mam/Map_piq.kt	kt-with-aggregated	/home/gcasale/Dropbox/code/line-stash.git/old-versions/2.0.35/extracted/imperial-qore-line-solver-7b034f1/java/src/main/java/jline/api/MAM.java#map_piq
jline/api/mam/Map_pntiter.kt	kt-post-migration-only	NONE
jline/api/mam/Map_pntquad.kt	kt-post-migration-only	NONE
jline/api/mam/Map_prob.kt	kt-post-migration-only	NONE
jline/api/mam/Map_rand.kt	kt-with-aggregated	/home/gcasale/Dropbox/code/line-stash.git/old-versions/2.0.35/extracted/imperial-qore-line-solver-7b034f1/java/src/main/java/jline/api/MAM.java#map_rand
jline/api/mam/Map_randn.kt	kt-with-aggregated	/home/gcasale/Dropbox/code/line-stash.git/old-versions/2.0.35/extracted/imperial-qore-line-solver-7b034f1/java/src/main/java/jline/api/MAM.java#map_randn
jline/api/mam/Map_renewal.kt	kt-post-migration-only	NONE
jline/api/mam/Map_sample.kt	kt-with-aggregated	/home/gcasale/Dropbox/code/line-stash.git/old-versions/2.0.35/extracted/imperial-qore-line-solver-7b034f1/java/src/main/java/jline/api/MAM.java#map_sample
jline/api/mam/Map_scale.kt	kt-with-aggregated	/home/gcasale/Dropbox/code/line-stash.git/old-versions/2.0.35/extracted/imperial-qore-line-solver-7b034f1/java/src/main/java/jline/api/MAM.java#map_scale
jline/api/mam/Map_scv.kt	kt-with-aggregated	/home/gcasale/Dropbox/code/line-stash.git/old-versions/2.0.35/extracted/imperial-qore-line-solver-7b034f1/java/src/main/java/jline/api/MAM.java#map_scv
jline/api/mam/Map_skew.kt	kt-with-aggregated	/home/gcasale/Dropbox/code/line-stash.git/old-versions/2.0.35/extracted/imperial-qore-line-solver-7b034f1/java/src/main/java/jline/api/MAM.java#map_skew
jline/api/mam/Map_stochcomp.kt	kt-post-migration-only	NONE
jline/api/mam/Map_sum.kt	kt-with-aggregated	/home/gcasale/Dropbox/code/line-stash.git/old-versions/2.0.36/extracted/line-2.0.36/java/src/main/java/jline/api/MAM.java#map_sum
jline/api/mam/Map_sumind.kt	kt-with-aggregated	/home/gcasale/Dropbox/code/line-stash.git/old-versions/2.0.36/extracted/line-2.0.36/java/src/main/java/jline/api/MAM.java#map_sumind
jline/api/mam/Map_super.kt	kt-with-aggregated	/home/gcasale/Dropbox/code/line-stash.git/old-versions/2.0.36/extracted/line-2.0.36/java/src/main/java/jline/api/MAM.java#map_super
jline/api/mam/Map_timereverse.kt	kt-with-aggregated	/home/gcasale/Dropbox/code/line-stash.git/old-versions/2.0.35/extracted/imperial-qore-line-solver-7b034f1/java/src/main/java/jline/api/MAM.java#map_timereverse
jline/api/mam/Map_var.kt	kt-with-aggregated	/home/gcasale/Dropbox/code/line-stash.git/old-versions/2.0.35/extracted/imperial-qore-line-solver-7b034f1/java/src/main/java/jline/api/MAM.java#map_var
jline/api/mam/Map_varcount.kt	kt-with-aggregated	/home/gcasale/Dropbox/code/line-stash.git/old-versions/2.0.35/extracted/imperial-qore-line-solver-7b034f1/java/src/main/java/jline/api/MAM.java#map_varcount
jline/api/mam/Maph2m_fit.kt	kt-post-migration-only	NONE
jline/api/mam/Maph2m_fit_mmap.kt	kt-post-migration-only	NONE
jline/api/mam/Maph2m_fit_multiclass.kt	kt-post-migration-only	NONE
jline/api/mam/Maph2m_fit_trace.kt	kt-post-migration-only	NONE
jline/api/mam/Me_mean.kt	kt-post-migration-only	NONE
jline/api/mam/Me_pie.kt	kt-post-migration-only	NONE
jline/api/mam/Me_sample.kt	kt-post-migration-only	NONE
jline/api/mam/Me_scv.kt	kt-post-migration-only	NONE
jline/api/mam/Me_var.kt	kt-post-migration-only	NONE
jline/api/mam/Mmap_backward_moment.kt	kt-with-aggregated	/home/gcasale/Dropbox/code/line-stash.git/old-versions/2.0.35/extracted/imperial-qore-line-solver-7b034f1/java/src/main/java/jline/api/MAM.java#mmap_backward_moment
jline/api/mam/Mmap_compress.kt	kt-with-aggregated	/home/gcasale/Dropbox/code/line-stash.git/old-versions/2.0.35/extracted/imperial-qore-line-solver-7b034f1/java/src/main/java/jline/api/MAM.java#mmap_compress
jline/api/mam/Mmap_count_idc.kt	kt-with-aggregated	/home/gcasale/Dropbox/code/line-stash.git/old-versions/2.0.36/extracted/line-2.0.36/java/src/main/java/jline/api/MAM.java#mmap_count_idc
jline/api/mam/Mmap_count_lambda.kt	kt-with-aggregated	/home/gcasale/Dropbox/code/line-stash.git/old-versions/2.0.35/extracted/imperial-qore-line-solver-7b034f1/java/src/main/java/jline/api/MAM.java#mmap_count_lambda
jline/api/mam/Mmap_count_mcov.kt	kt-post-migration-only	NONE
jline/api/mam/Mmap_count_mean.kt	kt-with-aggregated	/home/gcasale/Dropbox/code/line-stash.git/old-versions/2.0.36/extracted/line-2.0.36/java/src/main/java/jline/api/MAM.java#mmap_count_mean
jline/api/mam/Mmap_count_var.kt	kt-with-aggregated	/home/gcasale/Dropbox/code/line-stash.git/old-versions/2.0.36/extracted/line-2.0.36/java/src/main/java/jline/api/MAM.java#mmap_count_var
jline/api/mam/Mmap_cross_moment.kt	kt-with-aggregated	/home/gcasale/Dropbox/code/line-stash.git/old-versions/2.0.35/extracted/imperial-qore-line-solver-7b034f1/java/src/main/java/jline/api/MAM.java#mmap_cross_moment
jline/api/mam/Mmap_embedded.kt	kt-post-migration-only	NONE
jline/api/mam/Mmap_exponential.kt	kt-with-aggregated	/home/gcasale/Dropbox/code/line-stash.git/old-versions/2.0.35/extracted/imperial-qore-line-solver-7b034f1/java/src/main/java/jline/api/MAM.java#mmap_exponential
jline/api/mam/Mmap_forward_moment.kt	kt-with-aggregated	/home/gcasale/Dropbox/code/line-stash.git/old-versions/2.0.35/extracted/imperial-qore-line-solver-7b034f1/java/src/main/java/jline/api/MAM.java#mmap_forward_moment
jline/api/mam/Mmap_hide.kt	kt-with-aggregated	/home/gcasale/Dropbox/code/line-stash.git/old-versions/2.0.35/extracted/imperial-qore-line-solver-7b034f1/java/src/main/java/jline/api/MAM.java#mmap_hide
jline/api/mam/Mmap_idc.kt	kt-with-aggregated	/home/gcasale/Dropbox/code/line-stash.git/old-versions/2.0.36/extracted/line-2.0.36/java/src/main/java/jline/api/MAM.java#mmap_idc
jline/api/mam/Mmap_isfeasible.kt	kt-with-aggregated	/home/gcasale/Dropbox/code/line-stash.git/old-versions/2.0.36/extracted/line-2.0.36/java/src/main/java/jline/api/MAM.java#mmap_isfeasible
jline/api/mam/Mmap_issym.kt	kt-post-migration-only	NONE
jline/api/mam/Mmap_lambda.kt	kt-with-aggregated	/home/gcasale/Dropbox/code/line-stash.git/old-versions/2.0.35/extracted/imperial-qore-line-solver-7b034f1/java/src/main/java/jline/api/MAM.java#mmap_lambda
jline/api/mam/Mmap_maps.kt	kt-with-aggregated	/home/gcasale/Dropbox/code/line-stash.git/old-versions/2.0.35/extracted/imperial-qore-line-solver-7b034f1/java/src/main/java/jline/api/MAM.java#mmap_maps
jline/api/mam/Mmap_mark.kt	kt-with-aggregated	/home/gcasale/Dropbox/code/line-stash.git/old-versions/2.0.35/extracted/imperial-qore-line-solver-7b034f1/java/src/main/java/jline/api/MAM.java#mmap_mark
jline/api/mam/Mmap_max.kt	kt-post-migration-only	NONE
jline/api/mam/Mmap_mixture.kt	kt-with-aggregated	/home/gcasale/Dropbox/code/line-stash.git/old-versions/2.0.35/extracted/imperial-qore-line-solver-7b034f1/java/src/main/java/jline/api/MAM.java#mmap_mixture
jline/api/mam/Mmap_mixture_fit.kt	kt-with-aggregated	/home/gcasale/Dropbox/code/line-stash.git/old-versions/2.0.35/extracted/imperial-qore-line-solver-7b034f1/java/src/main/java/jline/api/MAM.java#mmap_mixture_fit
jline/api/mam/Mmap_mixture_fit_mmap.kt	kt-with-aggregated	/home/gcasale/Dropbox/code/line-stash.git/old-versions/2.0.35/extracted/imperial-qore-line-solver-7b034f1/java/src/main/java/jline/api/MAM.java#mmap_mixture_fit_mmap
jline/api/mam/Mmap_mixture_fit_trace.kt	kt-post-migration-only	NONE
jline/api/mam/Mmap_mixture_order2.kt	kt-post-migration-only	NONE
jline/api/mam/Mmap_modulate.kt	kt-post-migration-only	NONE
jline/api/mam/Mmap_normalize.kt	kt-with-aggregated	/home/gcasale/Dropbox/code/line-stash.git/old-versions/2.0.35/extracted/imperial-qore-line-solver-7b034f1/java/src/main/java/jline/api/MAM.java#mmap_normalize
jline/api/mam/Mmap_pc.kt	kt-with-aggregated	/home/gcasale/Dropbox/code/line-stash.git/old-versions/2.0.35/extracted/imperial-qore-line-solver-7b034f1/java/src/main/java/jline/api/MAM.java#mmap_pc
jline/api/mam/Mmap_pie.kt	kt-post-migration-only	NONE
jline/api/mam/Mmap_rand.kt	kt-with-aggregated	/home/gcasale/Dropbox/code/line-stash.git/old-versions/2.0.36/extracted/line-2.0.36/java/src/main/java/jline/api/MAM.java#mmap_rand
jline/api/mam/Mmap_sample.kt	kt-with-aggregated	/home/gcasale/Dropbox/code/line-stash.git/old-versions/2.0.36/extracted/line-2.0.36/java/src/main/java/jline/api/MAM.java#mmap_sample
jline/api/mam/Mmap_scale.kt	kt-with-aggregated	/home/gcasale/Dropbox/code/line-stash.git/old-versions/2.0.35/extracted/imperial-qore-line-solver-7b034f1/java/src/main/java/jline/api/MAM.java#mmap_scale
jline/api/mam/Mmap_shorten.kt	kt-with-aggregated	/home/gcasale/Dropbox/code/line-stash.git/old-versions/2.0.35/extracted/imperial-qore-line-solver-7b034f1/java/src/main/java/jline/api/MAM.java#mmap_shorten
jline/api/mam/Mmap_sigma.kt	kt-post-migration-only	NONE
jline/api/mam/Mmap_sigma2.kt	kt-with-aggregated	/home/gcasale/Dropbox/code/line-stash.git/old-versions/2.0.35/extracted/imperial-qore-line-solver-7b034f1/java/src/main/java/jline/api/MAM.java#mmap_sigma2
jline/api/mam/Mmap_sum.kt	kt-post-migration-only	NONE
jline/api/mam/Mmap_super.kt	kt-with-aggregated	/home/gcasale/Dropbox/code/line-stash.git/old-versions/2.0.35/extracted/imperial-qore-line-solver-7b034f1/java/src/main/java/jline/api/MAM.java#mmap_super
jline/api/mam/Mmap_super_safe.kt	kt-with-aggregated	/home/gcasale/Dropbox/code/line-stash.git/old-versions/2.0.35/extracted/imperial-qore-line-solver-7b034f1/java/src/main/java/jline/api/MAM.java#mmap_super_safe
jline/api/mam/Mmap_timereverse.kt	kt-with-aggregated	/home/gcasale/Dropbox/code/line-stash.git/old-versions/2.0.35/extracted/imperial-qore-line-solver-7b034f1/java/src/main/java/jline/api/MAM.java#mmap_timereverse
jline/api/mam/Mmpp2_fit.kt	kt-with-aggregated	/home/gcasale/Dropbox/code/line-stash.git/old-versions/2.0.35/extracted/imperial-qore-line-solver-7b034f1/java/src/main/java/jline/api/MAM.java#mmpp2_fit
jline/api/mam/Mmpp2_fit1.kt	kt-with-aggregated	/home/gcasale/Dropbox/code/line-stash.git/old-versions/2.0.35/extracted/imperial-qore-line-solver-7b034f1/java/src/main/java/jline/api/MAM.java#mmpp2_fit1
jline/api/mam/Mmpp2_fit_count.kt	kt-post-migration-only	NONE
jline/api/mam/Mmpp2_fit_count_approx.kt	kt-post-migration-only	NONE
jline/api/mam/Mmpp2_fitc.kt	kt-post-migration-only	NONE
jline/api/mam/Mmpp2_fitc_approx.kt	kt-post-migration-only	NONE
jline/api/mam/Mmpp_rand.kt	kt-post-migration-only	NONE
jline/api/mam/Ph_reindex.kt	kt-with-aggregated	/home/gcasale/Dropbox/code/line-stash.git/old-versions/2.0.35/extracted/imperial-qore-line-solver-7b034f1/java/src/main/java/jline/api/MAM.java#ph_reindex
jline/api/mam/Qbd_R.kt	kt-post-migration-only	NONE
jline/api/mam/Qbd_R_logred.kt	kt-post-migration-only	NONE
jline/api/mam/Qbd_bmapbmap1.kt	kt-post-migration-only	NONE
jline/api/mam/Qbd_depproc_etaqa.kt	kt-post-migration-only	NONE
jline/api/mam/Qbd_depproc_etaqa_ps.kt	kt-post-migration-only	NONE
jline/api/mam/Qbd_depproc_jointmom.kt	kt-post-migration-only	NONE
jline/api/mam/Qbd_mapmap1.kt	kt-post-migration-only	NONE
jline/api/mam/Qbd_raprap1.kt	kt-post-migration-only	NONE
jline/api/mam/Qbd_rg.kt	kt-post-migration-only	NONE
jline/api/mam/Qbd_setupdelayoff.kt	kt-post-migration-only	NONE
jline/api/mam/Randp.kt	kt-post-migration-only	NONE
jline/api/mam/Rap_sample.kt	kt-post-migration-only	NONE
jline/api/mam/m3pp/M3pp22_fitc_approx_cov.kt	kt-post-migration-only	NONE
jline/api/mam/m3pp/M3pp22_fitc_approx_cov_multiclass.kt	kt-post-migration-only	NONE
jline/api/mam/m3pp/M3pp22_interleave_fitc.kt	kt-post-migration-only	NONE
jline/api/mam/m3pp/M3pp2m_fitc.kt	kt-post-migration-only	NONE
jline/api/mam/m3pp/M3pp2m_fitc_approx.kt	kt-post-migration-only	NONE
jline/api/mam/m3pp/M3pp2m_fitc_approx_ag.kt	kt-post-migration-only	NONE
jline/api/mam/m3pp/M3pp2m_fitc_approx_ag_multiclass.kt	kt-post-migration-only	NONE
jline/api/mam/m3pp/M3pp2m_fitc_theoretical.kt	kt-post-migration-only	NONE
jline/api/mam/m3pp/M3pp2m_fitc_trace.kt	kt-post-migration-only	NONE
jline/api/mam/m3pp/M3pp2m_interleave.kt	kt-post-migration-only	NONE
jline/api/mam/m3pp/M3pp_interleave_fitc.kt	kt-post-migration-only	NONE
jline/api/mam/m3pp/M3pp_interleave_fitc_theoretical.kt	kt-post-migration-only	NONE
jline/api/mam/m3pp/M3pp_interleave_fitc_trace.kt	kt-post-migration-only	NONE
jline/api/mam/m3pp/M3pp_rand.kt	kt-post-migration-only	NONE
jline/api/mam/m3pp/M3pp_superpos_fitc.kt	kt-post-migration-only	NONE
jline/api/mam/m3pp/M3pp_superpos_fitc_theoretical.kt	kt-post-migration-only	NONE
jline/api/mam/m3pp/M3pp_superpos_fitc_trace.kt	kt-post-migration-only	NONE
jline/api/mam/m3pp/package-info.java	java-already	jar/src/main/kotlin/jline/api/mam/m3pp/package-info.java
jline/api/mam/package-info.java	java-already	jar/src/main/kotlin/jline/api/mam/package-info.java
jline/api/map/MAPM1PSCdfRespT.kt	kt-post-migration-only	NONE
jline/api/mapqn/Mapqn_bnd_lr.kt	kt-post-migration-only	NONE
jline/api/mapqn/Mapqn_bnd_lr_mva.kt	kt-post-migration-only	NONE
jline/api/mapqn/Mapqn_bnd_lr_pf.kt	kt-post-migration-only	NONE
jline/api/mapqn/Mapqn_bnd_qr.kt	kt-post-migration-only	NONE
jline/api/mapqn/Mapqn_bnd_qr_delay.kt	kt-post-migration-only	NONE
jline/api/mapqn/Mapqn_bnd_qr_ld.kt	kt-post-migration-only	NONE
jline/api/mapqn/Mapqn_lpmodel.kt	kt-post-migration-only	NONE
jline/api/mapqn/Mapqn_nlp_solver.kt	kt-post-migration-only	NONE
jline/api/mapqn/Mapqn_parameters.kt	kt-post-migration-only	NONE
jline/api/mapqn/Mapqn_parameters_factory.kt	kt-post-migration-only	NONE
jline/api/mapqn/Mapqn_qr_bounds_bas.kt	kt-post-migration-only	NONE
jline/api/mapqn/Mapqn_qr_bounds_rsrd.kt	kt-post-migration-only	NONE
jline/api/mapqn/Mapqn_qrf_noblo_mem.kt	kt-post-migration-only	NONE
jline/api/mapqn/Mapqn_qrf_noblo_mmi.kt	kt-post-migration-only	NONE
jline/api/mapqn/Mapqn_qrf_noblo_mmi_ld.kt	kt-post-migration-only	NONE
jline/api/mapqn/Mapqn_qrf_noblo_mmi_linear.kt	kt-post-migration-only	NONE
jline/api/mapqn/package-info.java	java-already	jar/src/main/kotlin/jline/api/mapqn/package-info.java
jline/api/mc/Ctmc_courtois.kt	kt-post-migration-only	NONE
jline/api/mc/Ctmc_kms.kt	kt-post-migration-only	NONE
jline/api/mc/Ctmc_makeinfgen.kt	kt-with-aggregated	/home/gcasale/Dropbox/code/line-stash.git/old-versions/2.0.36/extracted/line-2.0.36/java/src/main/java/jline/api/MC.java#ctmc_makeinfgen
jline/api/mc/Ctmc_multi.kt	kt-post-migration-only	NONE
jline/api/mc/Ctmc_pseudostochcomp.kt	kt-post-migration-only	NONE
jline/api/mc/Ctmc_rand.kt	kt-with-aggregated	/home/gcasale/Dropbox/code/line-stash.git/old-versions/2.0.36/extracted/line-2.0.36/java/src/main/java/jline/api/MC.java#ctmc_rand
jline/api/mc/Ctmc_randomization.kt	kt-post-migration-only	NONE
jline/api/mc/Ctmc_relsolve.kt	kt-post-migration-only	NONE
jline/api/mc/Ctmc_simulate.kt	kt-with-aggregated	/home/gcasale/Dropbox/code/line-stash.git/old-versions/2.0.36/extracted/line-2.0.36/java/src/main/java/jline/api/MC.java#ctmc_simulate
jline/api/mc/Ctmc_solve.kt	kt-with-aggregated	/home/gcasale/Dropbox/code/line-stash.git/old-versions/2.0.36/extracted/line-2.0.36/java/src/main/java/jline/api/MC.java#ctmc_solve
jline/api/mc/Ctmc_solve_reducible.kt	kt-post-migration-only	NONE
jline/api/mc/Ctmc_solve_reducible_blkdecomp.kt	kt-post-migration-only	NONE
jline/api/mc/Ctmc_ssg.kt	kt-post-migration-only	NONE
jline/api/mc/Ctmc_ssg_reachability.kt	kt-post-migration-only	NONE
jline/api/mc/Ctmc_stmonotone.kt	kt-post-migration-only	NONE
jline/api/mc/Ctmc_stochcomp.kt	kt-post-migration-only	NONE
jline/api/mc/Ctmc_takahashi.kt	kt-post-migration-only	NONE
jline/api/mc/Ctmc_testpf_kolmogorov.kt	kt-post-migration-only	NONE
jline/api/mc/Ctmc_timereverse.kt	kt-with-aggregated	/home/gcasale/Dropbox/code/line-stash.git/old-versions/2.0.36/extracted/line-2.0.36/java/src/main/java/jline/api/MC.java#ctmc_timereverse
jline/api/mc/Ctmc_transient.kt	kt-with-aggregated	/home/gcasale/Dropbox/code/line-stash.git/old-versions/2.0.37/extracted/line-solver/java/src/main/java/jline/api/MC.java#ctmc_transient
jline/api/mc/Ctmc_uniformization.kt	kt-with-aggregated	/home/gcasale/Dropbox/code/line-stash.git/old-versions/2.0.36/extracted/line-2.0.36/java/src/main/java/jline/api/MC.java#ctmc_uniformization
jline/api/mc/Dtmc_isfeasible.kt	kt-post-migration-only	NONE
jline/api/mc/Dtmc_makestochastic.kt	kt-with-aggregated	/home/gcasale/Dropbox/code/line-stash.git/old-versions/2.0.36/extracted/line-2.0.36/java/src/main/java/jline/api/MC.java#dtmc_makestochastic
jline/api/mc/Dtmc_rand.kt	kt-with-aggregated	/home/gcasale/Dropbox/code/line-stash.git/old-versions/2.0.36/extracted/line-2.0.36/java/src/main/java/jline/api/MC.java#dtmc_rand
jline/api/mc/Dtmc_simulate.kt	kt-post-migration-only	NONE
jline/api/mc/Dtmc_solve.kt	kt-with-aggregated	/home/gcasale/Dropbox/code/line-stash.git/old-versions/2.0.36/extracted/line-2.0.36/java/src/main/java/jline/api/MC.java#dtmc_solve
jline/api/mc/Dtmc_solve_reducible.kt	kt-post-migration-only	NONE
jline/api/mc/Dtmc_stochcomp.kt	kt-with-aggregated	/home/gcasale/Dropbox/code/line-stash.git/old-versions/2.0.36/extracted/line-2.0.36/java/src/main/java/jline/api/MC.java#dtmc_stochcomp
jline/api/mc/Dtmc_timereverse.kt	kt-with-aggregated	/home/gcasale/Dropbox/code/line-stash.git/old-versions/2.0.36/extracted/line-2.0.36/java/src/main/java/jline/api/MC.java#dtmc_timereverse
jline/api/mc/Dtmc_uniformization.kt	kt-post-migration-only	NONE
jline/api/mc/package-info.java	java-already	jar/src/main/kotlin/jline/api/mc/package-info.java
jline/api/measures/Ms_additivesymmetricchisquared.kt	kt-post-migration-only	NONE
jline/api/measures/Ms_anderson_darling.kt	kt-post-migration-only	NONE
jline/api/measures/Ms_avgl1linfty.kt	kt-post-migration-only	NONE
jline/api/measures/Ms_bhattacharyya.kt	kt-post-migration-only	NONE
jline/api/measures/Ms_canberra.kt	kt-post-migration-only	NONE
jline/api/measures/Ms_chebyshev.kt	kt-post-migration-only	NONE
jline/api/measures/Ms_cityblock.kt	kt-post-migration-only	NONE
jline/api/measures/Ms_clark.kt	kt-post-migration-only	NONE
jline/api/measures/Ms_condentropy.kt	kt-post-migration-only	NONE
jline/api/measures/Ms_cosine.kt	kt-post-migration-only	NONE
jline/api/measures/Ms_cramer_von_mises.kt	kt-post-migration-only	NONE
jline/api/measures/Ms_czekanowski.kt	kt-post-migration-only	NONE
jline/api/measures/Ms_dice.kt	kt-post-migration-only	NONE
jline/api/measures/Ms_divergence.kt	kt-post-migration-only	NONE
jline/api/measures/Ms_entropy.kt	kt-post-migration-only	NONE
jline/api/measures/Ms_euclidean.kt	kt-post-migration-only	NONE
jline/api/measures/Ms_fidelity.kt	kt-post-migration-only	NONE
jline/api/measures/Ms_gower.kt	kt-post-migration-only	NONE
jline/api/measures/Ms_harmonicmean.kt	kt-post-migration-only	NONE
jline/api/measures/Ms_hellinger.kt	kt-post-migration-only	NONE
jline/api/measures/Ms_intersection.kt	kt-post-migration-only	NONE
jline/api/measures/Ms_jaccard.kt	kt-post-migration-only	NONE
jline/api/measures/Ms_jeffreys.kt	kt-post-migration-only	NONE
jline/api/measures/Ms_jensendifference.kt	kt-post-migration-only	NONE
jline/api/measures/Ms_jensenshannon.kt	kt-post-migration-only	NONE
jline/api/measures/Ms_jointentropy.kt	kt-post-migration-only	NONE
jline/api/measures/Ms_kdivergence.kt	kt-post-migration-only	NONE
jline/api/measures/Ms_kolmogorov_smirnov.kt	kt-post-migration-only	NONE
jline/api/measures/Ms_kuiper.kt	kt-post-migration-only	NONE
jline/api/measures/Ms_kulczynskid.kt	kt-post-migration-only	NONE
jline/api/measures/Ms_kulczynskis.kt	kt-post-migration-only	NONE
jline/api/measures/Ms_kullbackleibler.kt	kt-post-migration-only	NONE
jline/api/measures/Ms_kumarhassebrook.kt	kt-post-migration-only	NONE
jline/api/measures/Ms_kumarjohnson.kt	kt-post-migration-only	NONE
jline/api/measures/Ms_lorentzian.kt	kt-post-migration-only	NONE
jline/api/measures/Ms_matusita.kt	kt-post-migration-only	NONE
jline/api/measures/Ms_minkowski.kt	kt-post-migration-only	NONE
jline/api/measures/Ms_motyka.kt	kt-post-migration-only	NONE
jline/api/measures/Ms_mutinfo.kt	kt-post-migration-only	NONE
jline/api/measures/Ms_neymanchisquared.kt	kt-post-migration-only	NONE
jline/api/measures/Ms_nmi.kt	kt-post-migration-only	NONE
jline/api/measures/Ms_nvi.kt	kt-post-migration-only	NONE
jline/api/measures/Ms_pearsonchisquared.kt	kt-post-migration-only	NONE
jline/api/measures/Ms_probsymmchisquared.kt	kt-post-migration-only	NONE
jline/api/measures/Ms_product.kt	kt-post-migration-only	NONE
jline/api/measures/Ms_relatentropy.kt	kt-post-migration-only	NONE
jline/api/measures/Ms_ruzicka.kt	kt-post-migration-only	NONE
jline/api/measures/Ms_soergel.kt	kt-post-migration-only	NONE
jline/api/measures/Ms_sorensen.kt	kt-post-migration-only	NONE
jline/api/measures/Ms_squaredchisquared.kt	kt-post-migration-only	NONE
jline/api/measures/Ms_squaredchord.kt	kt-post-migration-only	NONE
jline/api/measures/Ms_squaredeuclidean.kt	kt-post-migration-only	NONE
jline/api/measures/Ms_taneja.kt	kt-post-migration-only	NONE
jline/api/measures/Ms_tanimoto.kt	kt-post-migration-only	NONE
jline/api/measures/Ms_topsoe.kt	kt-post-migration-only	NONE
jline/api/measures/Ms_wasserstein.kt	kt-post-migration-only	NONE
jline/api/measures/Ms_wavehegdes.kt	kt-post-migration-only	NONE
jline/api/measures/package-info.java	java-already	jar/src/main/kotlin/jline/api/measures/package-info.java
jline/api/nc/Me_oqn.kt	kt-post-migration-only	NONE
jline/api/npfqn/Npfqn_nonexp_approx.kt	kt-with-aggregated	/home/gcasale/Dropbox/code/line-stash.git/old-versions/2.0.35/extracted/imperial-qore-line-solver-7b034f1/java/src/main/java/jline/api/NPFQN.java#npfqn_nonexp_approx
jline/api/npfqn/Npfqn_traffic_merge.kt	kt-with-aggregated	/home/gcasale/Dropbox/code/line-stash.git/old-versions/2.0.35/extracted/imperial-qore-line-solver-7b034f1/java/src/main/java/jline/api/NPFQN.java#npfqn_traffic_merge
jline/api/npfqn/Npfqn_traffic_merge_cs.kt	kt-with-aggregated	/home/gcasale/Dropbox/code/line-stash.git/old-versions/2.0.35/extracted/imperial-qore-line-solver-7b034f1/java/src/main/java/jline/api/NPFQN.java#npfqn_traffic_merge_cs
jline/api/npfqn/Npfqn_traffic_split_cs.kt	kt-with-aggregated	/home/gcasale/Dropbox/code/line-stash.git/old-versions/2.0.35/extracted/imperial-qore-line-solver-7b034f1/java/src/main/java/jline/api/NPFQN.java#npfqn_traffic_split_cs
jline/api/npfqn/package-info.java	java-already	jar/src/main/kotlin/jline/api/npfqn/package-info.java
jline/api/package-info.java	java-already	jar/src/main/kotlin/jline/api/package-info.java
jline/api/pfqn/Pfqn_harel_bounds.kt	kt-post-migration-only	NONE
jline/api/pfqn/Pfqn_joint.kt	kt-post-migration-only	NONE
jline/api/pfqn/Pfqn_replicas.kt	kt-post-migration-only	NONE
jline/api/pfqn/lcfs/Pfqn_lcfsqn_ca.kt	kt-post-migration-only	NONE
jline/api/pfqn/lcfs/Pfqn_lcfsqn_mva.kt	kt-post-migration-only	NONE
jline/api/pfqn/lcfs/Pfqn_lcfsqn_nc.kt	kt-post-migration-only	NONE
jline/api/pfqn/ld/Pfqn_ab.kt	kt-post-migration-only	NONE
jline/api/pfqn/ld/Pfqn_cdfun.kt	kt-with-aggregated	/home/gcasale/Dropbox/code/line-stash.git/old-versions/2.0.35/extracted/imperial-qore-line-solver-7b034f1/java/src/main/java/jline/api/PFQN.java#pfqn_cdfun
jline/api/pfqn/ld/Pfqn_comomrm_ld.kt	kt-with-aggregated	/home/gcasale/Dropbox/code/line-stash.git/old-versions/2.0.36/extracted/line-2.0.36/java/src/main/java/jline/api/PFQN.java#pfqn_comomrm_ld
jline/api/pfqn/ld/Pfqn_conv.kt	kt-post-migration-only	NONE
jline/api/pfqn/ld/Pfqn_fnc.kt	kt-with-aggregated	/home/gcasale/Dropbox/code/line-stash.git/old-versions/2.0.35/extracted/imperial-qore-line-solver-7b034f1/java/src/main/java/jline/api/PFQN.java#pfqn_fnc
jline/api/pfqn/ld/Pfqn_gld.kt	kt-with-aggregated	/home/gcasale/Dropbox/code/line-stash.git/old-versions/2.0.35/extracted/imperial-qore-line-solver-7b034f1/java/src/main/java/jline/api/PFQN.java#pfqn_gld
jline/api/pfqn/ld/Pfqn_gld_complex.kt	kt-with-aggregated	/home/gcasale/Dropbox/code/line-stash.git/old-versions/2.0.35/extracted/imperial-qore-line-solver-7b034f1/java/src/main/java/jline/api/PFQN.java#pfqn_gld_complex
jline/api/pfqn/ld/Pfqn_gldsingle.kt	kt-with-aggregated	/home/gcasale/Dropbox/code/line-stash.git/old-versions/2.0.35/extracted/imperial-qore-line-solver-7b034f1/java/src/main/java/jline/api/PFQN.java#pfqn_gldsingle
jline/api/pfqn/ld/Pfqn_gldsingle_complex.kt	kt-with-aggregated	/home/gcasale/Dropbox/code/line-stash.git/old-versions/2.0.35/extracted/imperial-qore-line-solver-7b034f1/java/src/main/java/jline/api/PFQN.java#pfqn_gldsingle_complex
jline/api/pfqn/ld/Pfqn_ljdfun.kt	kt-post-migration-only	NONE
jline/api/pfqn/ld/Pfqn_lldfun.kt	kt-with-aggregated	/home/gcasale/Dropbox/code/line-stash.git/old-versions/2.0.35/extracted/imperial-qore-line-solver-7b034f1/java/src/main/java/jline/api/PFQN.java#pfqn_lldfun
jline/api/pfqn/ld/Pfqn_mu_ms.kt	kt-with-aggregated	/home/gcasale/Dropbox/code/line-stash.git/old-versions/2.0.36/extracted/line-2.0.36/java/src/main/java/jline/api/PFQN.java#pfqn_mu_ms
jline/api/pfqn/ld/Pfqn_mushift.kt	kt-with-aggregated	/home/gcasale/Dropbox/code/line-stash.git/old-versions/2.0.35/extracted/imperial-qore-line-solver-7b034f1/java/src/main/java/jline/api/PFQN.java#pfqn_mushift
jline/api/pfqn/ld/Pfqn_mvald.kt	kt-with-aggregated	/home/gcasale/Dropbox/code/line-stash.git/old-versions/2.0.35/extracted/imperial-qore-line-solver-7b034f1/java/src/main/java/jline/api/PFQN.java#pfqn_mvald
jline/api/pfqn/ld/Pfqn_mvaldms.kt	kt-with-aggregated	/home/gcasale/Dropbox/code/line-stash.git/old-versions/2.0.35/extracted/imperial-qore-line-solver-7b034f1/java/src/main/java/jline/api/PFQN.java#pfqn_mvaldms
jline/api/pfqn/ld/Pfqn_mvaldmx.kt	kt-with-aggregated	/home/gcasale/Dropbox/code/line-stash.git/old-versions/2.0.35/extracted/imperial-qore-line-solver-7b034f1/java/src/main/java/jline/api/PFQN.java#pfqn_mvaldmx
jline/api/pfqn/ld/Pfqn_mvaldmx_ec.kt	kt-with-aggregated	/home/gcasale/Dropbox/code/line-stash.git/old-versions/2.0.35/extracted/imperial-qore-line-solver-7b034f1/java/src/main/java/jline/api/PFQN.java#pfqn_mvaldmx_ec
jline/api/pfqn/ld/Pfqn_ncld.kt	kt-with-aggregated	/home/gcasale/Dropbox/code/line-stash.git/old-versions/2.0.35/extracted/imperial-qore-line-solver-7b034f1/java/src/main/java/jline/api/PFQN.java#pfqn_ncld
jline/api/pfqn/ld/Pfqn_procomom2.kt	kt-post-migration-only	NONE
jline/api/pfqn/ld/Pfqn_schmidt.kt	kt-post-migration-only	NONE
jline/api/pfqn/ld/Pfqn_xia.kt	kt-with-aggregated	/home/gcasale/Dropbox/code/line-stash.git/old-versions/2.0.35/extracted/imperial-qore-line-solver-7b034f1/java/src/main/java/jline/api/PFQN.java#pfqn_xia
jline/api/pfqn/ld/package-info.java	java-already	jar/src/main/kotlin/jline/api/pfqn/ld/package-info.java
jline/api/pfqn/mva/Pfqn_ab_amva.kt	kt-post-migration-only	NONE
jline/api/pfqn/mva/Pfqn_aql.kt	kt-with-aggregated	/home/gcasale/Dropbox/code/line-stash.git/old-versions/2.0.35/extracted/imperial-qore-line-solver-7b034f1/java/src/main/java/jline/api/PFQN.java#pfqn_aql
jline/api/pfqn/mva/Pfqn_bs.kt	kt-with-aggregated	/home/gcasale/Dropbox/code/line-stash.git/old-versions/2.0.35/extracted/imperial-qore-line-solver-7b034f1/java/src/main/java/jline/api/PFQN.java#pfqn_bs
jline/api/pfqn/mva/Pfqn_bsfcfs.kt	kt-post-migration-only	NONE
jline/api/pfqn/mva/Pfqn_conwayms.kt	kt-with-aggregated	/home/gcasale/Dropbox/code/line-stash.git/old-versions/2.0.36/extracted/line-2.0.36/java/src/main/java/jline/api/PFQN.java#pfqn_conwayms
jline/api/pfqn/mva/Pfqn_egflinearizer.kt	kt-with-aggregated	/home/gcasale/Dropbox/code/line-stash.git/old-versions/2.0.35/extracted/imperial-qore-line-solver-7b034f1/java/src/main/java/jline/api/PFQN.java#pfqn_egflinearizer
jline/api/pfqn/mva/Pfqn_gflinearizer.kt	kt-with-aggregated	/home/gcasale/Dropbox/code/line-stash.git/old-versions/2.0.35/extracted/imperial-qore-line-solver-7b034f1/java/src/main/java/jline/api/PFQN.java#pfqn_gflinearizer
jline/api/pfqn/mva/Pfqn_linearizer.kt	kt-with-aggregated	/home/gcasale/Dropbox/code/line-stash.git/old-versions/2.0.35/extracted/imperial-qore-line-solver-7b034f1/java/src/main/java/jline/api/PFQN.java#pfqn_linearizer
jline/api/pfqn/mva/Pfqn_linearizerms.kt	kt-with-aggregated	/home/gcasale/Dropbox/code/line-stash.git/old-versions/2.0.35/extracted/imperial-qore-line-solver-7b034f1/java/src/main/java/jline/api/PFQN.java#pfqn_linearizerms
jline/api/pfqn/mva/Pfqn_linearizermx.kt	kt-with-aggregated	/home/gcasale/Dropbox/code/line-stash.git/old-versions/2.0.35/extracted/imperial-qore-line-solver-7b034f1/java/src/main/java/jline/api/PFQN.java#pfqn_linearizermx
jline/api/pfqn/mva/Pfqn_linearizerpp.kt	kt-with-aggregated	/home/gcasale/Dropbox/code/line-stash.git/old-versions/2.0.38/extracted/line-solver/java/src/main/java/jline/api/PFQN.java#pfqn_linearizerpp
jline/api/pfqn/mva/Pfqn_mva.kt	kt-with-aggregated	/home/gcasale/Dropbox/code/line-stash.git/old-versions/2.0.35/extracted/imperial-qore-line-solver-7b034f1/java/src/main/java/jline/api/PFQN.java#pfqn_mva
jline/api/pfqn/mva/Pfqn_mvams.kt	kt-with-aggregated	/home/gcasale/Dropbox/code/line-stash.git/old-versions/2.0.35/extracted/imperial-qore-line-solver-7b034f1/java/src/main/java/jline/api/PFQN.java#pfqn_mvams
jline/api/pfqn/mva/Pfqn_mvamx.kt	kt-with-aggregated	/home/gcasale/Dropbox/code/line-stash.git/old-versions/2.0.35/extracted/imperial-qore-line-solver-7b034f1/java/src/main/java/jline/api/PFQN.java#pfqn_mvamx
jline/api/pfqn/mva/Pfqn_qd.kt	kt-post-migration-only	NONE
jline/api/pfqn/mva/Pfqn_qzgblow.kt	kt-with-aggregated	/home/gcasale/Dropbox/code/line-stash.git/old-versions/2.0.35/extracted/imperial-qore-line-solver-7b034f1/java/src/main/java/jline/api/PFQN.java#pfqn_qzgblow
jline/api/pfqn/mva/Pfqn_qzgbup.kt	kt-with-aggregated	/home/gcasale/Dropbox/code/line-stash.git/old-versions/2.0.35/extracted/imperial-qore-line-solver-7b034f1/java/src/main/java/jline/api/PFQN.java#pfqn_qzgbup
jline/api/pfqn/mva/Pfqn_schmidt_amva.kt	kt-post-migration-only	NONE
jline/api/pfqn/mva/Pfqn_sqni.kt	kt-post-migration-only	NONE
jline/api/pfqn/mva/Pfqn_xzabalow.kt	kt-with-aggregated	/home/gcasale/Dropbox/code/line-stash.git/old-versions/2.0.36/extracted/line-2.0.36/java/src/main/java/jline/api/PFQN.java#pfqn_xzabalow
jline/api/pfqn/mva/Pfqn_xzabaup.kt	kt-with-aggregated	/home/gcasale/Dropbox/code/line-stash.git/old-versions/2.0.35/extracted/imperial-qore-line-solver-7b034f1/java/src/main/java/jline/api/PFQN.java#pfqn_xzabaup
jline/api/pfqn/mva/Pfqn_xzgsblow.kt	kt-with-aggregated	/home/gcasale/Dropbox/code/line-stash.git/old-versions/2.0.35/extracted/imperial-qore-line-solver-7b034f1/java/src/main/java/jline/api/PFQN.java#pfqn_xzgsblow
jline/api/pfqn/mva/Pfqn_xzgsbup.kt	kt-with-aggregated	/home/gcasale/Dropbox/code/line-stash.git/old-versions/2.0.35/extracted/imperial-qore-line-solver-7b034f1/java/src/main/java/jline/api/PFQN.java#pfqn_xzgsbup
jline/api/pfqn/mva/package-info.java	java-already	jar/src/main/kotlin/jline/api/pfqn/mva/package-info.java
jline/api/pfqn/nc/Pfqn_ca.kt	kt-with-aggregated	/home/gcasale/Dropbox/code/line-stash.git/old-versions/2.0.35/extracted/imperial-qore-line-solver-7b034f1/java/src/main/java/jline/api/PFQN.java#pfqn_ca
jline/api/pfqn/nc/Pfqn_comom.kt	kt-post-migration-only	NONE
jline/api/pfqn/nc/Pfqn_comomrm.kt	kt-with-aggregated	/home/gcasale/Dropbox/code/line-stash.git/old-versions/2.0.35/extracted/imperial-qore-line-solver-7b034f1/java/src/main/java/jline/api/PFQN.java#pfqn_comomrm
jline/api/pfqn/nc/Pfqn_comomrm_ms.kt	kt-post-migration-only	NONE
jline/api/pfqn/nc/Pfqn_comomrm_orig.kt	kt-post-migration-only	NONE
jline/api/pfqn/nc/Pfqn_cub.kt	kt-with-aggregated	/home/gcasale/Dropbox/code/line-stash.git/old-versions/2.0.36/extracted/line-2.0.36/java/src/main/java/jline/api/PFQN.java#pfqn_cub
jline/api/pfqn/nc/Pfqn_grnmol.kt	kt-post-migration-only	NONE
jline/api/pfqn/nc/Pfqn_kt.kt	kt-with-aggregated	/home/gcasale/Dropbox/code/line-stash.git/old-versions/2.0.35/extracted/imperial-qore-line-solver-7b034f1/java/src/main/java/jline/api/PFQN.java#pfqn_kt
jline/api/pfqn/nc/Pfqn_lap.kt	kt-post-migration-only	NONE
jline/api/pfqn/nc/Pfqn_le.kt	kt-with-aggregated	/home/gcasale/Dropbox/code/line-stash.git/old-versions/2.0.35/extracted/imperial-qore-line-solver-7b034f1/java/src/main/java/jline/api/PFQN.java#pfqn_le
jline/api/pfqn/nc/Pfqn_le_fpi.kt	kt-with-aggregated	/home/gcasale/Dropbox/code/line-stash.git/old-versions/2.0.35/extracted/imperial-qore-line-solver-7b034f1/java/src/main/java/jline/api/PFQN.java#pfqn_le_fpi
jline/api/pfqn/nc/Pfqn_le_fpiZ.kt	kt-post-migration-only	NONE
jline/api/pfqn/nc/Pfqn_le_hessian.kt	kt-with-aggregated	/home/gcasale/Dropbox/code/line-stash.git/old-versions/2.0.35/extracted/imperial-qore-line-solver-7b034f1/java/src/main/java/jline/api/PFQN.java#pfqn_le_hessian
jline/api/pfqn/nc/Pfqn_le_hessianZ.kt	kt-post-migration-only	NONE
jline/api/pfqn/nc/Pfqn_ls.kt	kt-with-aggregated	/home/gcasale/Dropbox/code/line-stash.git/old-versions/2.0.35/extracted/imperial-qore-line-solver-7b034f1/java/src/main/java/jline/api/PFQN.java#pfqn_ls
jline/api/pfqn/nc/Pfqn_mci.kt	kt-with-aggregated	/home/gcasale/Dropbox/code/line-stash.git/old-versions/2.0.36/extracted/line-2.0.36/java/src/main/java/jline/api/PFQN.java#pfqn_mci
jline/api/pfqn/nc/Pfqn_mmint2.kt	kt-with-aggregated	/home/gcasale/Dropbox/code/line-stash.git/old-versions/2.0.35/extracted/imperial-qore-line-solver-7b034f1/java/src/main/java/jline/api/PFQN.java#pfqn_mmint2
jline/api/pfqn/nc/Pfqn_mmint2_gausslaguerre.kt	kt-post-migration-only	NONE
jline/api/pfqn/nc/Pfqn_mmint2_gausslegendre.kt	kt-with-aggregated	/home/gcasale/Dropbox/code/line-stash.git/old-versions/2.0.35/extracted/imperial-qore-line-solver-7b034f1/java/src/main/java/jline/api/PFQN.java#pfqn_mmint2_gausslegendre
jline/api/pfqn/nc/Pfqn_mmsample2.kt	kt-with-aggregated	/home/gcasale/Dropbox/code/line-stash.git/old-versions/2.0.36/extracted/line-2.0.36/java/src/main/java/jline/api/PFQN.java#pfqn_mmsample2
jline/api/pfqn/nc/Pfqn_mom.kt	kt-post-migration-only	NONE
jline/api/pfqn/nc/Pfqn_nc.kt	kt-with-aggregated	/home/gcasale/Dropbox/code/line-stash.git/old-versions/2.0.35/extracted/imperial-qore-line-solver-7b034f1/java/src/main/java/jline/api/PFQN.java#pfqn_nc
jline/api/pfqn/nc/Pfqn_nc_sanitize.kt	kt-with-aggregated	/home/gcasale/Dropbox/code/line-stash.git/old-versions/2.0.35/extracted/imperial-qore-line-solver-7b034f1/java/src/main/java/jline/api/PFQN.java#pfqn_nc_sanitize
jline/api/pfqn/nc/Pfqn_nca.kt	kt-with-aggregated	/home/gcasale/Dropbox/code/line-stash.git/old-versions/2.0.35/extracted/imperial-qore-line-solver-7b034f1/java/src/main/java/jline/api/PFQN.java#pfqn_nca
jline/api/pfqn/nc/Pfqn_nrl.kt	kt-with-aggregated	/home/gcasale/Dropbox/code/line-stash.git/old-versions/2.0.35/extracted/imperial-qore-line-solver-7b034f1/java/src/main/java/jline/api/PFQN.java#pfqn_nrl
jline/api/pfqn/nc/Pfqn_nrp.kt	kt-with-aggregated	/home/gcasale/Dropbox/code/line-stash.git/old-versions/2.0.35/extracted/imperial-qore-line-solver-7b034f1/java/src/main/java/jline/api/PFQN.java#pfqn_nrp
jline/api/pfqn/nc/Pfqn_panacea.kt	kt-with-aggregated	/home/gcasale/Dropbox/code/line-stash.git/old-versions/2.0.35/extracted/imperial-qore-line-solver-7b034f1/java/src/main/java/jline/api/PFQN.java#pfqn_panacea
jline/api/pfqn/nc/Pfqn_pff_delay.kt	kt-with-aggregated	/home/gcasale/Dropbox/code/line-stash.git/old-versions/2.0.35/extracted/imperial-qore-line-solver-7b034f1/java/src/main/java/jline/api/PFQN.java#pfqn_pff_delay
jline/api/pfqn/nc/Pfqn_procomom.kt	kt-post-migration-only	NONE
jline/api/pfqn/nc/Pfqn_propfair.kt	kt-with-aggregated	/home/gcasale/Dropbox/code/line-stash.git/old-versions/2.0.36/extracted/line-2.0.36/java/src/main/java/jline/api/PFQN.java#pfqn_propfair
jline/api/pfqn/nc/Pfqn_rd.kt	kt-with-aggregated	/home/gcasale/Dropbox/code/line-stash.git/old-versions/2.0.35/extracted/imperial-qore-line-solver-7b034f1/java/src/main/java/jline/api/PFQN.java#pfqn_rd
jline/api/pfqn/nc/Pfqn_recal.kt	kt-with-aggregated	/home/gcasale/Dropbox/code/line-stash.git/old-versions/2.0.35/extracted/imperial-qore-line-solver-7b034f1/java/src/main/java/jline/api/PFQN.java#pfqn_recal
jline/api/pfqn/nc/Pfqn_stdf.kt	kt-post-migration-only	NONE
jline/api/pfqn/nc/Pfqn_stdf_heur.kt	kt-post-migration-only	NONE
jline/api/pfqn/nc/package-info.java	java-already	jar/src/main/kotlin/jline/api/pfqn/nc/package-info.java
jline/api/pfqn/package-info.java	java-already	jar/src/main/kotlin/jline/api/pfqn/package-info.java
jline/api/polling/Polling_qsys_1limited.kt	kt-with-aggregated	/home/gcasale/Dropbox/code/line-stash.git/old-versions/2.0.36/extracted/line-2.0.36/java/src/main/java/jline/api/POLLING.java#polling_qsys_1limited
jline/api/polling/Polling_qsys_exhaustive.kt	kt-with-aggregated	/home/gcasale/Dropbox/code/line-stash.git/old-versions/2.0.36/extracted/line-2.0.36/java/src/main/java/jline/api/POLLING.java#polling_qsys_exhaustive
jline/api/polling/Polling_qsys_gated.kt	kt-with-aggregated	/home/gcasale/Dropbox/code/line-stash.git/old-versions/2.0.36/extracted/line-2.0.36/java/src/main/java/jline/api/POLLING.java#polling_qsys_gated
jline/api/polling/package-info.java	java-already	jar/src/main/kotlin/jline/api/polling/package-info.java
jline/api/qsys/Qsys_bmapphnn_retrial.kt	kt-post-migration-only	NONE
jline/api/qsys/Qsys_gg1.kt	kt-post-migration-only	NONE
jline/api/qsys/Qsys_gig1_approx_allencunneen.kt	kt-with-aggregated	/home/gcasale/Dropbox/code/line-stash.git/old-versions/2.0.36/extracted/line-2.0.36/java/src/main/java/jline/api/QSYS.java#qsys_gig1_approx_allencunneen
jline/api/qsys/Qsys_gig1_approx_gelenbe.kt	kt-post-migration-only	NONE
jline/api/qsys/Qsys_gig1_approx_heyman.kt	kt-with-aggregated	/home/gcasale/Dropbox/code/line-stash.git/old-versions/2.0.36/extracted/line-2.0.36/java/src/main/java/jline/api/QSYS.java#qsys_gig1_approx_heyman
jline/api/qsys/Qsys_gig1_approx_kimura.kt	kt-post-migration-only	NONE
jline/api/qsys/Qsys_gig1_approx_klb.kt	kt-with-aggregated	/home/gcasale/Dropbox/code/line-stash.git/old-versions/2.0.36/extracted/line-2.0.36/java/src/main/java/jline/api/QSYS.java#qsys_gig1_approx_klb
jline/api/qsys/Qsys_gig1_approx_kobayashi.kt	kt-with-aggregated	/home/gcasale/Dropbox/code/line-stash.git/old-versions/2.0.36/extracted/line-2.0.36/java/src/main/java/jline/api/QSYS.java#qsys_gig1_approx_kobayashi
jline/api/qsys/Qsys_gig1_approx_marchal.kt	kt-with-aggregated	/home/gcasale/Dropbox/code/line-stash.git/old-versions/2.0.36/extracted/line-2.0.36/java/src/main/java/jline/api/QSYS.java#qsys_gig1_approx_marchal
jline/api/qsys/Qsys_gig1_approx_myskja.kt	kt-post-migration-only	NONE
jline/api/qsys/Qsys_gig1_approx_myskja2.kt	kt-post-migration-only	NONE
jline/api/qsys/Qsys_gig1_lbnd.kt	kt-post-migration-only	NONE
jline/api/qsys/Qsys_gig1_ubnd_kingman.kt	kt-with-aggregated	/home/gcasale/Dropbox/code/line-stash.git/old-versions/2.0.36/extracted/line-2.0.36/java/src/main/java/jline/api/QSYS.java#qsys_gig1_ubnd_kingman
jline/api/qsys/Qsys_gigk_approx.kt	kt-with-aggregated	/home/gcasale/Dropbox/code/line-stash.git/old-versions/2.0.36/extracted/line-2.0.36/java/src/main/java/jline/api/QSYS.java#qsys_gigk_approx
jline/api/qsys/Qsys_gigk_approx_cosmetatos.kt	kt-post-migration-only	NONE
jline/api/qsys/Qsys_gigk_approx_kingman.kt	kt-with-aggregated	/home/gcasale/Dropbox/code/line-stash.git/old-versions/2.0.36/extracted/line-2.0.36/java/src/main/java/jline/api/QSYS.java#qsys_gigk_approx_kingman
jline/api/qsys/Qsys_gigk_approx_whitt.kt	kt-post-migration-only	NONE
jline/api/qsys/Qsys_gm1.kt	kt-with-aggregated	/home/gcasale/Dropbox/code/line-stash.git/old-versions/2.0.36/extracted/line-2.0.36/java/src/main/java/jline/api/QSYS.java#qsys_gm1
jline/api/qsys/Qsys_is_retrial.kt	kt-post-migration-only	NONE
jline/api/qsys/Qsys_mapd1.kt	kt-post-migration-only	NONE
jline/api/qsys/Qsys_mapdc.kt	kt-post-migration-only	NONE
jline/api/qsys/Qsys_mapg1.kt	kt-post-migration-only	NONE
jline/api/qsys/Qsys_mapm1.kt	kt-post-migration-only	NONE
jline/api/qsys/Qsys_mapmap1.kt	kt-post-migration-only	NONE
jline/api/qsys/Qsys_mapmc.kt	kt-post-migration-only	NONE
jline/api/qsys/Qsys_mapph1.kt	kt-post-migration-only	NONE
jline/api/qsys/Qsys_mg1.kt	kt-with-aggregated	/home/gcasale/Dropbox/code/line-stash.git/old-versions/2.0.36/extracted/line-2.0.36/java/src/main/java/jline/api/QSYS.java#qsys_mg1
jline/api/qsys/Qsys_mg1_fb.kt	kt-post-migration-only	NONE
jline/api/qsys/Qsys_mg1_lrpt.kt	kt-post-migration-only	NONE
jline/api/qsys/Qsys_mg1_prio.kt	kt-post-migration-only	NONE
jline/api/qsys/Qsys_mg1_psjf.kt	kt-post-migration-only	NONE
jline/api/qsys/Qsys_mg1_setf.kt	kt-post-migration-only	NONE
jline/api/qsys/Qsys_mg1_srpt.kt	kt-post-migration-only	NONE
jline/api/qsys/Qsys_mg1k_loss.kt	kt-post-migration-only	NONE
jline/api/qsys/Qsys_mg1k_loss_mgs.kt	kt-post-migration-only	NONE
jline/api/qsys/Qsys_mginf.kt	kt-post-migration-only	NONE
jline/api/qsys/Qsys_mm1.kt	kt-with-aggregated	/home/gcasale/Dropbox/code/line-stash.git/old-versions/2.0.36/extracted/line-2.0.36/java/src/main/java/jline/api/QSYS.java#qsys_mm1
jline/api/qsys/Qsys_mm1k_loss.kt	kt-post-migration-only	NONE
jline/api/qsys/Qsys_mmk.kt	kt-with-aggregated	/home/gcasale/Dropbox/code/line-stash.git/old-versions/2.0.36/extracted/line-2.0.36/java/src/main/java/jline/api/QSYS.java#qsys_mmk
jline/api/qsys/Qsys_mxm1.kt	kt-post-migration-only	NONE
jline/api/qsys/Qsys_phph1.kt	kt-post-migration-only	NONE
jline/api/qsys/package-info.java	java-already	jar/src/main/kotlin/jline/api/qsys/package-info.java
jline/api/rl/RlEnv.kt	kt-post-migration-only	NONE
jline/api/rl/RlEnvGeneral.kt	kt-post-migration-only	NONE
jline/api/rl/RlTdAgent.kt	kt-post-migration-only	NONE
jline/api/rl/RlTdAgentGeneral.kt	kt-post-migration-only	NONE
jline/api/sn/SnDeaggregateChainResults.kt	kt-post-migration-only	NONE
jline/api/sn/SnFjVisitsSpn.kt	kt-post-migration-only	NONE
jline/api/sn/SnGetArvRFromTput.kt	kt-post-migration-only	NONE
jline/api/sn/SnGetDemandsChain.kt	kt-post-migration-only	NONE
jline/api/sn/SnGetNodeArvRFromTput.kt	kt-post-migration-only	NONE
jline/api/sn/SnGetNodeTputFromTput.kt	kt-post-migration-only	NONE
jline/api/sn/SnGetProductFormChainParams.kt	kt-post-migration-only	NONE
jline/api/sn/SnGetProductFormParams.kt	kt-post-migration-only	NONE
jline/api/sn/SnGetResidTFromRespT.kt	kt-post-migration-only	NONE
jline/api/sn/SnGetStateAggr.kt	kt-post-migration-only	NONE
jline/api/sn/SnHasClassSwitching.kt	kt-post-migration-only	NONE
jline/api/sn/SnHasClosedClasses.kt	kt-post-migration-only	NONE
jline/api/sn/SnHasDPS.kt	kt-post-migration-only	NONE
jline/api/sn/SnHasDPSPRIO.kt	kt-post-migration-only	NONE
jline/api/sn/SnHasFCFS.kt	kt-post-migration-only	NONE
jline/api/sn/SnHasForkJoin.kt	kt-post-migration-only	NONE
jline/api/sn/SnHasFractionalPopulations.kt	kt-post-migration-only	NONE
jline/api/sn/SnHasGPS.kt	kt-post-migration-only	NONE
jline/api/sn/SnHasGPSPRIO.kt	kt-post-migration-only	NONE
jline/api/sn/SnHasHOL.kt	kt-post-migration-only	NONE
jline/api/sn/SnHasHomogeneousScheduling.kt	kt-post-migration-only	NONE
jline/api/sn/SnHasINF.kt	kt-post-migration-only	NONE
jline/api/sn/SnHasJointDependence.kt	kt-post-migration-only	NONE
jline/api/sn/SnHasLCFS.kt	kt-post-migration-only	NONE
jline/api/sn/SnHasLCFSPI.kt	kt-post-migration-only	NONE
jline/api/sn/SnHasLCFSPR.kt	kt-post-migration-only	NONE
jline/api/sn/SnHasLEPT.kt	kt-post-migration-only	NONE
jline/api/sn/SnHasLJF.kt	kt-post-migration-only	NONE
jline/api/sn/SnHasLoadDependence.kt	kt-post-migration-only	NONE
jline/api/sn/SnHasMixedClasses.kt	kt-post-migration-only	NONE
jline/api/sn/SnHasMultiChain.kt	kt-post-migration-only	NONE
jline/api/sn/SnHasMultiClass.kt	kt-post-migration-only	NONE
jline/api/sn/SnHasMultiClassFCFS.kt	kt-post-migration-only	NONE
jline/api/sn/SnHasMultiClassHeterExpFCFS.kt	kt-post-migration-only	NONE
jline/api/sn/SnHasMultiClassHeterFCFS.kt	kt-post-migration-only	NONE
jline/api/sn/SnHasMultiServer.kt	kt-post-migration-only	NONE
jline/api/sn/SnHasMultipleClosedClasses.kt	kt-post-migration-only	NONE
jline/api/sn/SnHasOpenClasses.kt	kt-post-migration-only	NONE
jline/api/sn/SnHasPS.kt	kt-post-migration-only	NONE
jline/api/sn/SnHasPSPRIO.kt	kt-post-migration-only	NONE
jline/api/sn/SnHasPolling.kt	kt-post-migration-only	NONE
jline/api/sn/SnHasPriorities.kt	kt-post-migration-only	NONE
jline/api/sn/SnHasProductForm.kt	kt-post-migration-only	NONE
jline/api/sn/SnHasProductFormExceptMultiClassHeterExpFCFS.kt	kt-post-migration-only	NONE
jline/api/sn/SnHasProductFormNotHetFCFS.kt	kt-post-migration-only	NONE
jline/api/sn/SnHasSDRouting.kt	kt-post-migration-only	NONE
jline/api/sn/SnHasSEPT.kt	kt-post-migration-only	NONE
jline/api/sn/SnHasSIRO.kt	kt-post-migration-only	NONE
jline/api/sn/SnHasSJF.kt	kt-post-migration-only	NONE
jline/api/sn/SnHasSingleChain.kt	kt-post-migration-only	NONE
jline/api/sn/SnHasSingleClass.kt	kt-post-migration-only	NONE
jline/api/sn/SnHasSrpt.kt	kt-post-migration-only	NONE
jline/api/sn/SnIsClosedModel.kt	kt-post-migration-only	NONE
jline/api/sn/SnIsMixedModel.kt	kt-post-migration-only	NONE
jline/api/sn/SnIsOpenModel.kt	kt-post-migration-only	NONE
jline/api/sn/SnIsPopulationModel.kt	kt-post-migration-only	NONE
jline/api/sn/SnIsStateValid.kt	kt-post-migration-only	NONE
jline/api/sn/SnModifyOptions.kt	kt-post-migration-only	NONE
jline/api/sn/SnNonmarkovToPh.kt	kt-post-migration-only	NONE
jline/api/sn/SnPrint.kt	kt-post-migration-only	NONE
jline/api/sn/SnPrintRoutingMatrix.kt	kt-post-migration-only	NONE
jline/api/sn/SnRefreshProcessFields.kt	kt-post-migration-only	NONE
jline/api/sn/SnRefreshVisits.kt	kt-post-migration-only	NONE
jline/api/sn/SnRtnodesToRtorig.kt	kt-post-migration-only	NONE
jline/api/sn/SnSetArrival.kt	kt-post-migration-only	NONE
jline/api/sn/SnSetForkFanout.kt	kt-post-migration-only	NONE
jline/api/sn/SnSetPopulation.kt	kt-post-migration-only	NONE
jline/api/sn/SnSetPriority.kt	kt-post-migration-only	NONE
jline/api/sn/SnSetRouting.kt	kt-post-migration-only	NONE
jline/api/sn/SnSetServers.kt	kt-post-migration-only	NONE
jline/api/sn/SnSetService.kt	kt-post-migration-only	NONE
jline/api/sn/SnToAG.kt	kt-post-migration-only	NONE
jline/api/sn/SnValidate.kt	kt-post-migration-only	NONE
jline/api/sn/package-info.java	java-already	jar/src/main/kotlin/jline/api/sn/package-info.java
jline/api/trace/Mtrace_backward_moment.kt	kt-post-migration-only	NONE
jline/api/trace/Mtrace_bootstrap.kt	kt-post-migration-only	NONE
jline/api/trace/Mtrace_count.kt	kt-post-migration-only	NONE
jline/api/trace/Mtrace_cov.kt	kt-post-migration-only	NONE
jline/api/trace/Mtrace_cross_moment.kt	kt-post-migration-only	NONE
jline/api/trace/Mtrace_forward_moment.kt	kt-post-migration-only	NONE
jline/api/trace/Mtrace_iat2counts.kt	kt-post-migration-only	NONE
jline/api/trace/Mtrace_joint.kt	kt-post-migration-only	NONE
jline/api/trace/Mtrace_mean.kt	kt-with-aggregated	/home/gcasale/Dropbox/code/line-stash.git/old-versions/2.0.36/extracted/line-2.0.36/java/src/main/java/jline/api/TRACE.java#mtrace_mean
jline/api/trace/Mtrace_merge.kt	kt-post-migration-only	NONE
jline/api/trace/Mtrace_moment.kt	kt-post-migration-only	NONE
jline/api/trace/Mtrace_moment_simple.kt	kt-post-migration-only	NONE
jline/api/trace/Mtrace_pc.kt	kt-post-migration-only	NONE
jline/api/trace/Mtrace_sigma.kt	kt-post-migration-only	NONE
jline/api/trace/Mtrace_sigma2.kt	kt-post-migration-only	NONE
jline/api/trace/Mtrace_split.kt	kt-post-migration-only	NONE
jline/api/trace/Mtrace_summary.kt	kt-post-migration-only	NONE
jline/api/trace/TraceSkew.kt	kt-post-migration-only	NONE
jline/api/trace/Trace_mean.kt	kt-with-aggregated	/home/gcasale/Dropbox/code/line-stash.git/old-versions/2.0.36/extracted/line-2.0.36/java/src/main/java/jline/api/TRACE.java#trace_mean
jline/api/trace/Trace_var.kt	kt-with-aggregated	/home/gcasale/Dropbox/code/line-stash.git/old-versions/2.0.36/extracted/line-2.0.36/java/src/main/java/jline/api/TRACE.java#trace_var
jline/api/trace/package-info.java	java-already	jar/src/main/kotlin/jline/api/trace/package-info.java
jline/api/wf/Wf_analyzer.kt	kt-post-migration-only	NONE
jline/api/wf/Wf_auto_integration.kt	kt-post-migration-only	NONE
jline/api/wf/Wf_branch_detector.kt	kt-post-migration-only	NONE
jline/api/wf/Wf_loop_detector.kt	kt-post-migration-only	NONE
jline/api/wf/Wf_parallel_detector.kt	kt-post-migration-only	NONE
jline/api/wf/Wf_pattern_updater.kt	kt-post-migration-only	NONE
jline/api/wf/Wf_sequence_detector.kt	kt-post-migration-only	NONE
jline/api/wf/WorkflowManager.kt	kt-post-migration-only	NONE
jline/api/wf/package-info.java	java-already	jar/src/main/kotlin/jline/api/wf/package-info.java
jline/bench/AllBench.java	java-already	jar/src/main/kotlin/jline/bench/AllBench.java
jline/bench/BenchmarkFormatter.java	java-already	jar/src/main/kotlin/jline/bench/BenchmarkFormatter.java
jline/bench/BenchmarkRegression.java	java-already	jar/src/main/kotlin/jline/bench/BenchmarkRegression.java
jline/bench/BenchmarkSolvers.java	java-already	jar/src/main/kotlin/jline/bench/BenchmarkSolvers.java
jline/bench/BenchmarkUtils.java	java-already	jar/src/main/kotlin/jline/bench/BenchmarkUtils.java
jline/bench/QuickBenchTest.java	java-already	jar/src/main/kotlin/jline/bench/QuickBenchTest.java
jline/bench/cqn/BenchCQNTemplate.java	java-already	jar/src/main/kotlin/jline/bench/cqn/BenchCQNTemplate.java
jline/bench/cqn/BenchCQN_FCFS.java	java-already	jar/src/main/kotlin/jline/bench/cqn/BenchCQN_FCFS.java
jline/bench/cqn/BenchCQN_PS.java	java-already	jar/src/main/kotlin/jline/bench/cqn/BenchCQN_PS.java
jline/bench/cqn/BenchCQN_PS1.java	java-already	jar/src/main/kotlin/jline/bench/cqn/BenchCQN_PS1.java
jline/bench/cqn/BenchCQN_PS2.java	java-already	jar/src/main/kotlin/jline/bench/cqn/BenchCQN_PS2.java
jline/bench/cqn/BenchCQN_PS3.java	java-already	jar/src/main/kotlin/jline/bench/cqn/BenchCQN_PS3.java
jline/bench/cqn/BenchCQN_PS4.java	java-already	jar/src/main/kotlin/jline/bench/cqn/BenchCQN_PS4.java
jline/bench/cqn/BenchCQN_RM.java	java-already	jar/src/main/kotlin/jline/bench/cqn/BenchCQN_RM.java
jline/bench/cqn/CQNResultsFormatter.java	java-already	jar/src/main/kotlin/jline/bench/cqn/CQNResultsFormatter.java
jline/bench/cqn/package-info.java	java-already	jar/src/main/kotlin/jline/bench/cqn/package-info.java
jline/bench/fj/BenchFJ_Closed.java	java-already	jar/src/main/kotlin/jline/bench/fj/BenchFJ_Closed.java
jline/bench/fj/BenchFJ_FCFS.java	java-already	jar/src/main/kotlin/jline/bench/fj/BenchFJ_FCFS.java
jline/bench/fj/BenchFJ_Mixed.java	java-already	jar/src/main/kotlin/jline/bench/fj/BenchFJ_Mixed.java
jline/bench/fj/BenchFJ_Nested.java	java-already	jar/src/main/kotlin/jline/bench/fj/BenchFJ_Nested.java
jline/bench/fj/BenchFJ_Open.java	java-already	jar/src/main/kotlin/jline/bench/fj/BenchFJ_Open.java
jline/bench/fj/BenchFJ_PS.java	java-already	jar/src/main/kotlin/jline/bench/fj/BenchFJ_PS.java
jline/bench/fj/BenchFJ_Template.java	java-already	jar/src/main/kotlin/jline/bench/fj/BenchFJ_Template.java
jline/bench/fj/package-info.java	java-already	jar/src/main/kotlin/jline/bench/fj/package-info.java
jline/bench/lqn/BenchLQN_Custom.java	java-already	jar/src/main/kotlin/jline/bench/lqn/BenchLQN_Custom.java
jline/bench/lqn/BenchLQN_Default.java	java-already	jar/src/main/kotlin/jline/bench/lqn/BenchLQN_Default.java
jline/bench/lqn/BenchLQN_Fluid.java	java-already	jar/src/main/kotlin/jline/bench/lqn/BenchLQN_Fluid.java
jline/bench/lqn/BenchLQN_LQNS.java	java-already	jar/src/main/kotlin/jline/bench/lqn/BenchLQN_LQNS.java
jline/bench/lqn/BenchLQN_MVA.java	java-already	jar/src/main/kotlin/jline/bench/lqn/BenchLQN_MVA.java
jline/bench/lqn/BenchLQN_NC.java	java-already	jar/src/main/kotlin/jline/bench/lqn/BenchLQN_NC.java
jline/bench/lqn/BenchLQN_SRVN.java	java-already	jar/src/main/kotlin/jline/bench/lqn/BenchLQN_SRVN.java
jline/bench/lqn/SimpleLQNBenchmark.java	java-already	jar/src/main/kotlin/jline/bench/lqn/SimpleLQNBenchmark.java
jline/bench/lqn/package-info.java	java-already	jar/src/main/kotlin/jline/bench/lqn/package-info.java
jline/bench/mqn/BenchMQNTemplate.java	java-already	jar/src/main/kotlin/jline/bench/mqn/BenchMQNTemplate.java
jline/bench/mqn/BenchMQN_FCFS.java	java-already	jar/src/main/kotlin/jline/bench/mqn/BenchMQN_FCFS.java
jline/bench/mqn/BenchMQN_PS.java	java-already	jar/src/main/kotlin/jline/bench/mqn/BenchMQN_PS.java
jline/bench/mqn/MQNResultsFormatter.java	java-already	jar/src/main/kotlin/jline/bench/mqn/MQNResultsFormatter.java
jline/bench/mqn/package-info.java	java-already	jar/src/main/kotlin/jline/bench/mqn/package-info.java
jline/bench/oqn/BenchOQNTemplate.java	java-already	jar/src/main/kotlin/jline/bench/oqn/BenchOQNTemplate.java
jline/bench/oqn/BenchOQN_FCFS.java	java-already	jar/src/main/kotlin/jline/bench/oqn/BenchOQN_FCFS.java
jline/bench/oqn/BenchOQN_PS.java	java-already	jar/src/main/kotlin/jline/bench/oqn/BenchOQN_PS.java
jline/bench/oqn/OQNResultsFormatter.java	java-already	jar/src/main/kotlin/jline/bench/oqn/OQNResultsFormatter.java
jline/bench/oqn/package-info.java	java-already	jar/src/main/kotlin/jline/bench/oqn/package-info.java
jline/bench/package-info.java	java-already	jar/src/main/kotlin/jline/bench/package-info.java
jline/cli/LdesCLI.java	java-already	jar/src/main/kotlin/jline/cli/LdesCLI.java
jline/cli/LineCLI.java	java-already	jar/src/main/kotlin/jline/cli/LineCLI.java
jline/cli/LineDockerClient.java	java-already	jar/src/main/kotlin/jline/cli/LineDockerClient.java
jline/cli/LineWebSocketClient.java	java-already	jar/src/main/kotlin/jline/cli/LineWebSocketClient.java
jline/cli/LineWebSocketServer.java	java-already	jar/src/main/kotlin/jline/cli/LineWebSocketServer.java
jline/cli/package-info.java	java-already	jar/src/main/kotlin/jline/cli/package-info.java
jline/examples/HeteroServerExample.java	java-already	jar/src/main/kotlin/jline/examples/HeteroServerExample.java
jline/examples/NetworkGeneratorExample.java	java-already	jar/src/main/kotlin/jline/examples/NetworkGeneratorExample.java
jline/examples/basic/MultivariateNormalExample.java	java-already	jar/src/main/kotlin/jline/examples/basic/MultivariateNormalExample.java
jline/examples/java/AdvancedExamples.java	java-already	jar/src/main/kotlin/jline/examples/java/AdvancedExamples.java
jline/examples/java/AllExamples.java	java-already	jar/src/main/kotlin/jline/examples/java/AllExamples.java
jline/examples/java/BasicExamples.java	java-already	jar/src/main/kotlin/jline/examples/java/BasicExamples.java
jline/examples/java/Gallery.java	java-already	jar/src/main/kotlin/jline/examples/java/Gallery.java
jline/examples/java/GettingStarted.java	java-already	jar/src/main/kotlin/jline/examples/java/GettingStarted.java
jline/examples/java/advanced/AgentModel.java	java-already	jar/src/main/kotlin/jline/examples/java/advanced/AgentModel.java
jline/examples/java/advanced/AgentModelExamples.java	java-already	jar/src/main/kotlin/jline/examples/java/advanced/AgentModelExamples.java
jline/examples/java/advanced/BASBlockingDebugTest.java	java-already	jar/src/main/kotlin/jline/examples/java/advanced/BASBlockingDebugTest.java
jline/examples/java/advanced/CDFRespTExamples.java	java-already	jar/src/main/kotlin/jline/examples/java/advanced/CDFRespTExamples.java
jline/examples/java/advanced/CDFRespTModel.java	java-already	jar/src/main/kotlin/jline/examples/java/advanced/CDFRespTModel.java
jline/examples/java/advanced/CyclicPollingExamples.java	java-already	jar/src/main/kotlin/jline/examples/java/advanced/CyclicPollingExamples.java
jline/examples/java/advanced/CyclicPollingModel.java	java-already	jar/src/main/kotlin/jline/examples/java/advanced/CyclicPollingModel.java
jline/examples/java/advanced/EnvBreakdownExample.java	java-already	jar/src/main/kotlin/jline/examples/java/advanced/EnvBreakdownExample.java
jline/examples/java/advanced/FCRegionExamples.java	java-already	jar/src/main/kotlin/jline/examples/java/advanced/FCRegionExamples.java
jline/examples/java/advanced/FCRegionModel.java	java-already	jar/src/main/kotlin/jline/examples/java/advanced/FCRegionModel.java
jline/examples/java/advanced/InitStateExamples.java	java-already	jar/src/main/kotlin/jline/examples/java/advanced/InitStateExamples.java
jline/examples/java/advanced/InitStateModel.java	java-already	jar/src/main/kotlin/jline/examples/java/advanced/InitStateModel.java
jline/examples/java/advanced/LayeredCQExamples.java	java-already	jar/src/main/kotlin/jline/examples/java/advanced/LayeredCQExamples.java
jline/examples/java/advanced/LayeredCQModel.java	java-already	jar/src/main/kotlin/jline/examples/java/advanced/LayeredCQModel.java
jline/examples/java/advanced/LoadDependentExamples.java	java-already	jar/src/main/kotlin/jline/examples/java/advanced/LoadDependentExamples.java
jline/examples/java/advanced/LoadDependentModel.java	java-already	jar/src/main/kotlin/jline/examples/java/advanced/LoadDependentModel.java
jline/examples/java/advanced/RandomEnvExamples.java	java-already	jar/src/main/kotlin/jline/examples/java/advanced/RandomEnvExamples.java
jline/examples/java/advanced/RandomEnvironmentModel.java	java-already	jar/src/main/kotlin/jline/examples/java/advanced/RandomEnvironmentModel.java
jline/examples/java/advanced/StateDepRoutingExamples.java	java-already	jar/src/main/kotlin/jline/examples/java/advanced/StateDepRoutingExamples.java
jline/examples/java/advanced/StateDepRoutingModel.java	java-already	jar/src/main/kotlin/jline/examples/java/advanced/StateDepRoutingModel.java
jline/examples/java/advanced/StateProbabilitiesExamples.java	java-already	jar/src/main/kotlin/jline/examples/java/advanced/StateProbabilitiesExamples.java
jline/examples/java/advanced/StateProbabilitiesModel.java	java-already	jar/src/main/kotlin/jline/examples/java/advanced/StateProbabilitiesModel.java
jline/examples/java/advanced/SwitchoverTimesExamples.java	java-already	jar/src/main/kotlin/jline/examples/java/advanced/SwitchoverTimesExamples.java
jline/examples/java/advanced/SwitchoverTimesModel.java	java-already	jar/src/main/kotlin/jline/examples/java/advanced/SwitchoverTimesModel.java
jline/examples/java/advanced/package-info.java	java-already	jar/src/main/kotlin/jline/examples/java/advanced/package-info.java
jline/examples/java/basic/CacheExamples.java	java-already	jar/src/main/kotlin/jline/examples/java/basic/CacheExamples.java
jline/examples/java/basic/CacheModel.java	java-already	jar/src/main/kotlin/jline/examples/java/basic/CacheModel.java
jline/examples/java/basic/ClassSwitchExamples.java	java-already	jar/src/main/kotlin/jline/examples/java/basic/ClassSwitchExamples.java
jline/examples/java/basic/ClassSwitchingModel.java	java-already	jar/src/main/kotlin/jline/examples/java/basic/ClassSwitchingModel.java
jline/examples/java/basic/ClosedExamples.java	java-already	jar/src/main/kotlin/jline/examples/java/basic/ClosedExamples.java
jline/examples/java/basic/ClosedModel.java	java-already	jar/src/main/kotlin/jline/examples/java/basic/ClosedModel.java
jline/examples/java/basic/ClusterExamples.java	java-already	jar/src/main/kotlin/jline/examples/java/basic/ClusterExamples.java
jline/examples/java/basic/ClusterModel.java	java-already	jar/src/main/kotlin/jline/examples/java/basic/ClusterModel.java
jline/examples/java/basic/ForkJoinExamples.java	java-already	jar/src/main/kotlin/jline/examples/java/basic/ForkJoinExamples.java
jline/examples/java/basic/ForkJoinModel.java	java-already	jar/src/main/kotlin/jline/examples/java/basic/ForkJoinModel.java
jline/examples/java/basic/LayeredExamples.java	java-already	jar/src/main/kotlin/jline/examples/java/basic/LayeredExamples.java
jline/examples/java/basic/LayeredModel.java	java-already	jar/src/main/kotlin/jline/examples/java/basic/LayeredModel.java
jline/examples/java/basic/LayeredVisualizationExample.java	java-already	jar/src/main/kotlin/jline/examples/java/basic/LayeredVisualizationExample.java
jline/examples/java/basic/MixedExamples.java	java-already	jar/src/main/kotlin/jline/examples/java/basic/MixedExamples.java
jline/examples/java/basic/MixedModel.java	java-already	jar/src/main/kotlin/jline/examples/java/basic/MixedModel.java
jline/examples/java/basic/NetworkVisualizationExample.java	java-already	jar/src/main/kotlin/jline/examples/java/basic/NetworkVisualizationExample.java
jline/examples/java/basic/OpenExamples.java	java-already	jar/src/main/kotlin/jline/examples/java/basic/OpenExamples.java
jline/examples/java/basic/OpenModel.java	java-already	jar/src/main/kotlin/jline/examples/java/basic/OpenModel.java
jline/examples/java/basic/PrioExamples.java	java-already	jar/src/main/kotlin/jline/examples/java/basic/PrioExamples.java
jline/examples/java/basic/PrioModel.java	java-already	jar/src/main/kotlin/jline/examples/java/basic/PrioModel.java
jline/examples/java/basic/StochPetriNetExamples.java	java-already	jar/src/main/kotlin/jline/examples/java/basic/StochPetriNetExamples.java
jline/examples/java/basic/StochPetriNetModel.java	java-already	jar/src/main/kotlin/jline/examples/java/basic/StochPetriNetModel.java
jline/examples/java/basic/package-info.java	java-already	jar/src/main/kotlin/jline/examples/java/basic/package-info.java
jline/examples/java/models/package-info.java	java-already	jar/src/main/kotlin/jline/examples/java/models/package-info.java
jline/examples/java/package-info.java	java-already	jar/src/main/kotlin/jline/examples/java/package-info.java
jline/examples/package-info.java	java-already	jar/src/main/kotlin/jline/examples/package-info.java
jline/gen/Cluster.java	java-already	jar/src/main/kotlin/jline/gen/Cluster.java
jline/gen/NetworkGenerator.java	java-already	jar/src/main/kotlin/jline/gen/NetworkGenerator.java
jline/inference/api/Infer_compute_ql_at_arrival.kt	kt-post-migration-only	NONE
jline/inference/api/Infer_fluid_ps_rt_likelihood.kt	kt-post-migration-only	NONE
jline/inference/api/Infer_fmlps.kt	kt-post-migration-only	NONE
jline/inference/api/Infer_get_qlen_arrival.kt	kt-post-migration-only	NONE
jline/inference/api/Infer_gibbs.kt	kt-post-migration-only	NONE
jline/inference/api/Infer_minps.kt	kt-post-migration-only	NONE
jline/inference/api/Infer_minps_setup.kt	kt-post-migration-only	NONE
jline/inference/api/Infer_mlps.kt	kt-post-migration-only	NONE
jline/inference/api/Infer_qmle.kt	kt-post-migration-only	NONE
jline/inference/api/Infer_quick_model.kt	kt-post-migration-only	NONE
jline/inference/api/Infer_rps.kt	kt-post-migration-only	NONE
jline/inference/api/Sn_set_service_coc.kt	kt-post-migration-only	NONE
jline/inference/lang/ParamEstimator.kt	kt-post-migration-only	NONE
jline/inference/lang/SampledMetric.kt	kt-post-migration-only	NONE
jline/inference/util/NnlsSolver.kt	kt-post-migration-only	NONE
jline/inference/util/OptimUtils.kt	kt-post-migration-only	NONE
jline/inference/util/SplineInterpolator.kt	kt-post-migration-only	NONE
jline/io/DocumentSectionPair.kt	kt-post-migration-only	NONE
jline/io/ElementDocumentPair.kt	kt-post-migration-only	NONE
jline/io/InputOutput.kt	kt-with-direct	/home/gcasale/Dropbox/code/line-stash.git/old-versions/2.0.35/extracted/imperial-qore-line-solver-7b034f1/java/src/main/java/jline/io/InputOutput.java
jline/io/LDESResultIO.java	java-already	jar/src/main/kotlin/jline/io/LDESResultIO.java
jline/io/LQN2QN.java	java-already	jar/src/main/kotlin/jline/io/LQN2QN.java
jline/io/LQN2UML.java	java-already	jar/src/main/kotlin/jline/io/LQN2UML.java
jline/io/LineModelIO.java	java-already	jar/src/main/kotlin/jline/io/LineModelIO.java
jline/io/M2M.java	java-already	jar/src/main/kotlin/jline/io/M2M.java
jline/io/MAPQN2RENV.java	java-already	jar/src/main/kotlin/jline/io/MAPQN2RENV.java
jline/io/ModelVisualizer.java	java-already	jar/src/main/kotlin/jline/io/ModelVisualizer.java
jline/io/QN2JSIMG.java	java-already	jar/src/main/kotlin/jline/io/QN2JSIMG.java
jline/io/QN2LQN.java	java-already	jar/src/main/kotlin/jline/io/QN2LQN.java
jline/io/REPL.java	java-already	jar/src/main/kotlin/jline/io/REPL.java
jline/io/Ret.java	java-already	jar/src/main/kotlin/jline/io/Ret.java
jline/io/SysUtils.kt	kt-with-direct	/home/gcasale/Dropbox/code/line-stash.git/old-versions/2.0.35/extracted/imperial-qore-line-solver-7b034f1/java/src/main/java/jline/io/SysUtils.java
jline/io/WfCommonsLoader.java	java-already	jar/src/main/kotlin/jline/io/WfCommonsLoader.java
jline/io/WfCommonsOptions.java	java-already	jar/src/main/kotlin/jline/io/WfCommonsOptions.java
jline/io/package-info.java	java-already	jar/src/main/kotlin/jline/io/package-info.java
jline/io/tikz/SequenceDiagramExporter.java	java-already	jar/src/main/kotlin/jline/io/tikz/SequenceDiagramExporter.java
jline/io/tikz/SequenceDiagramLayoutEngine.java	java-already	jar/src/main/kotlin/jline/io/tikz/SequenceDiagramLayoutEngine.java
jline/io/tikz/SequenceDiagramOptions.java	java-already	jar/src/main/kotlin/jline/io/tikz/SequenceDiagramOptions.java
jline/io/tikz/SequenceDiagramTraverser.java	java-already	jar/src/main/kotlin/jline/io/tikz/SequenceDiagramTraverser.java
jline/io/tikz/TikZEdgeRouter.java	java-already	jar/src/main/kotlin/jline/io/tikz/TikZEdgeRouter.java
jline/io/tikz/TikZExporter.java	java-already	jar/src/main/kotlin/jline/io/tikz/TikZExporter.java
jline/io/tikz/TikZLayoutEngine.java	java-already	jar/src/main/kotlin/jline/io/tikz/TikZLayoutEngine.java
jline/io/tikz/TikZNodeRenderer.java	java-already	jar/src/main/kotlin/jline/io/tikz/TikZNodeRenderer.java
jline/io/tikz/TikZOptions.java	java-already	jar/src/main/kotlin/jline/io/tikz/TikZOptions.java
jline/io/tikz/TikZViewer.java	java-already	jar/src/main/kotlin/jline/io/tikz/TikZViewer.java
jline/io/tikz/package-info.java	java-already	jar/src/main/kotlin/jline/io/tikz/package-info.java
jline/lang/Chain.java	java-already	jar/src/main/kotlin/jline/lang/Chain.java
jline/lang/ClassSwitchMatrix.java	java-already	jar/src/main/kotlin/jline/lang/ClassSwitchMatrix.java
jline/lang/ClosedClass.java	java-already	jar/src/main/kotlin/jline/lang/ClosedClass.java
jline/lang/ClosedSignal.java	java-already	jar/src/main/kotlin/jline/lang/ClosedSignal.java
jline/lang/Copyable.java	java-already	jar/src/main/kotlin/jline/lang/Copyable.java
jline/lang/DisabledClass.java	java-already	jar/src/main/kotlin/jline/lang/DisabledClass.java
jline/lang/Element.java	java-already	jar/src/main/kotlin/jline/lang/Element.java
jline/lang/Ensemble.java	java-already	jar/src/main/kotlin/jline/lang/Ensemble.java
jline/lang/Env.java	java-already	jar/src/main/kotlin/jline/lang/Env.java
jline/lang/Environment.java	java-already	jar/src/main/kotlin/jline/lang/Environment.java
jline/lang/Event.java	java-already	jar/src/main/kotlin/jline/lang/Event.java
jline/lang/FeatureSet.java	java-already	jar/src/main/kotlin/jline/lang/FeatureSet.java
jline/lang/GlobalConstants.java	java-already	jar/src/main/kotlin/jline/lang/GlobalConstants.java
jline/lang/GlobalSync.java	java-already	jar/src/main/kotlin/jline/lang/GlobalSync.java
jline/lang/ItemSet.java	java-already	jar/src/main/kotlin/jline/lang/ItemSet.java
jline/lang/JobClass.java	java-already	jar/src/main/kotlin/jline/lang/JobClass.java
jline/lang/Metric.java	java-already	jar/src/main/kotlin/jline/lang/Metric.java
jline/lang/Mode.java	java-already	jar/src/main/kotlin/jline/lang/Mode.java
jline/lang/ModeEvent.java	java-already	jar/src/main/kotlin/jline/lang/ModeEvent.java
jline/lang/Model.java	java-already	jar/src/main/kotlin/jline/lang/Model.java
jline/lang/ModelAdapter.java	java-already	jar/src/main/kotlin/jline/lang/ModelAdapter.java
jline/lang/Network.java	java-already	jar/src/main/kotlin/jline/lang/Network.java
jline/lang/NetworkAttribute.java	java-already	jar/src/main/kotlin/jline/lang/NetworkAttribute.java
jline/lang/NetworkElement.java	java-already	jar/src/main/kotlin/jline/lang/NetworkElement.java
jline/lang/NetworkStruct.java	java-already	jar/src/main/kotlin/jline/lang/NetworkStruct.java
jline/lang/NodeAttribute.java	java-already	jar/src/main/kotlin/jline/lang/NodeAttribute.java
jline/lang/NodeParam.java	java-already	jar/src/main/kotlin/jline/lang/NodeParam.java
jline/lang/OpenClass.java	java-already	jar/src/main/kotlin/jline/lang/OpenClass.java
jline/lang/OpenSignal.java	java-already	jar/src/main/kotlin/jline/lang/OpenSignal.java
jline/lang/OutputStrategy.java	java-already	jar/src/main/kotlin/jline/lang/OutputStrategy.java
jline/lang/Region.java	java-already	jar/src/main/kotlin/jline/lang/Region.java
jline/lang/RegionStruct.java	java-already	jar/src/main/kotlin/jline/lang/RegionStruct.java
jline/lang/RoutingMatrix.java	java-already	jar/src/main/kotlin/jline/lang/RoutingMatrix.java
jline/lang/SelfLoopingClass.java	java-already	jar/src/main/kotlin/jline/lang/SelfLoopingClass.java
jline/lang/ServiceBinding.java	java-already	jar/src/main/kotlin/jline/lang/ServiceBinding.java
jline/lang/Signal.java	java-already	jar/src/main/kotlin/jline/lang/Signal.java
jline/lang/Sync.java	java-already	jar/src/main/kotlin/jline/lang/Sync.java
jline/lang/constant/ActivityPrecedenceType.java	java-already	jar/src/main/kotlin/jline/lang/constant/ActivityPrecedenceType.java
jline/lang/constant/BalkingStrategy.java	java-already	jar/src/main/kotlin/jline/lang/constant/BalkingStrategy.java
jline/lang/constant/BalkingThreshold.java	java-already	jar/src/main/kotlin/jline/lang/constant/BalkingThreshold.java
jline/lang/constant/CallType.java	java-already	jar/src/main/kotlin/jline/lang/constant/CallType.java
jline/lang/constant/DropStrategy.java	java-already	jar/src/main/kotlin/jline/lang/constant/DropStrategy.java
jline/lang/constant/EventType.java	java-already	jar/src/main/kotlin/jline/lang/constant/EventType.java
jline/lang/constant/HeteroSchedPolicy.java	java-already	jar/src/main/kotlin/jline/lang/constant/HeteroSchedPolicy.java
jline/lang/constant/ImpatienceType.java	java-already	jar/src/main/kotlin/jline/lang/constant/ImpatienceType.java
jline/lang/constant/JobClassType.java	java-already	jar/src/main/kotlin/jline/lang/constant/JobClassType.java
jline/lang/constant/JoinStrategy.java	java-already	jar/src/main/kotlin/jline/lang/constant/JoinStrategy.java
jline/lang/constant/MetricType.java	java-already	jar/src/main/kotlin/jline/lang/constant/MetricType.java
jline/lang/constant/NodeType.java	java-already	jar/src/main/kotlin/jline/lang/constant/NodeType.java
jline/lang/constant/PollingType.java	java-already	jar/src/main/kotlin/jline/lang/constant/PollingType.java
jline/lang/constant/ProcessType.java	java-already	jar/src/main/kotlin/jline/lang/constant/ProcessType.java
jline/lang/constant/RemovalPolicy.java	java-already	jar/src/main/kotlin/jline/lang/constant/RemovalPolicy.java
jline/lang/constant/ReplacementStrategy.java	java-already	jar/src/main/kotlin/jline/lang/constant/ReplacementStrategy.java
jline/lang/constant/RoutingStrategy.java	java-already	jar/src/main/kotlin/jline/lang/constant/RoutingStrategy.java
jline/lang/constant/SchedStrategy.java	java-already	jar/src/main/kotlin/jline/lang/constant/SchedStrategy.java
jline/lang/constant/SchedStrategyType.java	java-already	jar/src/main/kotlin/jline/lang/constant/SchedStrategyType.java
jline/lang/constant/ServerType.java	java-already	jar/src/main/kotlin/jline/lang/constant/ServerType.java
jline/lang/constant/ServiceStrategy.java	java-already	jar/src/main/kotlin/jline/lang/constant/ServiceStrategy.java
jline/lang/constant/SignalType.java	java-already	jar/src/main/kotlin/jline/lang/constant/SignalType.java
jline/lang/constant/SolverType.java	java-already	jar/src/main/kotlin/jline/lang/constant/SolverType.java
jline/lang/constant/TimingStrategy.java	java-already	jar/src/main/kotlin/jline/lang/constant/TimingStrategy.java
jline/lang/constant/package-info.java	java-already	jar/src/main/kotlin/jline/lang/constant/package-info.java
jline/lang/layered/Activity.java	java-already	jar/src/main/kotlin/jline/lang/layered/Activity.java
jline/lang/layered/ActivityPrecedence.java	java-already	jar/src/main/kotlin/jline/lang/layered/ActivityPrecedence.java
jline/lang/layered/CacheTask.java	java-already	jar/src/main/kotlin/jline/lang/layered/CacheTask.java
jline/lang/layered/Entry.java	java-already	jar/src/main/kotlin/jline/lang/layered/Entry.java
jline/lang/layered/FunctionTask.java	java-already	jar/src/main/kotlin/jline/lang/layered/FunctionTask.java
jline/lang/layered/Host.java	java-already	jar/src/main/kotlin/jline/lang/layered/Host.java
jline/lang/layered/ItemEntry.java	java-already	jar/src/main/kotlin/jline/lang/layered/ItemEntry.java
jline/lang/layered/LayeredNetwork.java	java-already	jar/src/main/kotlin/jline/lang/layered/LayeredNetwork.java
jline/lang/layered/LayeredNetworkElement.java	java-already	jar/src/main/kotlin/jline/lang/layered/LayeredNetworkElement.java
jline/lang/layered/LayeredNetworkStruct.java	java-already	jar/src/main/kotlin/jline/lang/layered/LayeredNetworkStruct.java
jline/lang/layered/Processor.java	java-already	jar/src/main/kotlin/jline/lang/layered/Processor.java
jline/lang/layered/Task.java	java-already	jar/src/main/kotlin/jline/lang/layered/Task.java
jline/lang/layered/package-info.java	java-already	jar/src/main/kotlin/jline/lang/layered/package-info.java
jline/lang/nodeparam/CacheNodeParam.java	java-already	jar/src/main/kotlin/jline/lang/nodeparam/CacheNodeParam.java
jline/lang/nodeparam/ForkNodeParam.java	java-already	jar/src/main/kotlin/jline/lang/nodeparam/ForkNodeParam.java
jline/lang/nodeparam/JoinNodeParam.java	java-already	jar/src/main/kotlin/jline/lang/nodeparam/JoinNodeParam.java
jline/lang/nodeparam/LoggerNodeParam.java	java-already	jar/src/main/kotlin/jline/lang/nodeparam/LoggerNodeParam.java
jline/lang/nodeparam/QueueNodeParam.java	java-already	jar/src/main/kotlin/jline/lang/nodeparam/QueueNodeParam.java
jline/lang/nodeparam/ReplayerNodeParam.java	java-already	jar/src/main/kotlin/jline/lang/nodeparam/ReplayerNodeParam.java
jline/lang/nodeparam/ServiceNodeParam.java	java-already	jar/src/main/kotlin/jline/lang/nodeparam/ServiceNodeParam.java
jline/lang/nodeparam/TransitionNodeParam.java	java-already	jar/src/main/kotlin/jline/lang/nodeparam/TransitionNodeParam.java
jline/lang/nodeparam/package-info.java	java-already	jar/src/main/kotlin/jline/lang/nodeparam/package-info.java
jline/lang/nodes/Cache.java	java-already	jar/src/main/kotlin/jline/lang/nodes/Cache.java
jline/lang/nodes/ClassSwitch.java	java-already	jar/src/main/kotlin/jline/lang/nodes/ClassSwitch.java
jline/lang/nodes/Delay.java	java-already	jar/src/main/kotlin/jline/lang/nodes/Delay.java
jline/lang/nodes/Fork.java	java-already	jar/src/main/kotlin/jline/lang/nodes/Fork.java
jline/lang/nodes/Join.java	java-already	jar/src/main/kotlin/jline/lang/nodes/Join.java
jline/lang/nodes/Logger.java	java-already	jar/src/main/kotlin/jline/lang/nodes/Logger.java
jline/lang/nodes/Node.java	java-already	jar/src/main/kotlin/jline/lang/nodes/Node.java
jline/lang/nodes/Place.java	java-already	jar/src/main/kotlin/jline/lang/nodes/Place.java
jline/lang/nodes/Queue.java	java-already	jar/src/main/kotlin/jline/lang/nodes/Queue.java
jline/lang/nodes/Router.java	java-already	jar/src/main/kotlin/jline/lang/nodes/Router.java
jline/lang/nodes/ServiceNode.java	java-already	jar/src/main/kotlin/jline/lang/nodes/ServiceNode.java
jline/lang/nodes/ServiceStation.java	java-already	jar/src/main/kotlin/jline/lang/nodes/ServiceStation.java
jline/lang/nodes/Sink.java	java-already	jar/src/main/kotlin/jline/lang/nodes/Sink.java
jline/lang/nodes/Source.java	java-already	jar/src/main/kotlin/jline/lang/nodes/Source.java
jline/lang/nodes/StatefulNode.java	java-already	jar/src/main/kotlin/jline/lang/nodes/StatefulNode.java
jline/lang/nodes/Station.java	java-already	jar/src/main/kotlin/jline/lang/nodes/Station.java
jline/lang/nodes/Transition.java	java-already	jar/src/main/kotlin/jline/lang/nodes/Transition.java
jline/lang/nodes/package-info.java	java-already	jar/src/main/kotlin/jline/lang/nodes/package-info.java
jline/lang/package-info.java	java-already	jar/src/main/kotlin/jline/lang/package-info.java
jline/lang/processes/APH.java	java-already	jar/src/main/kotlin/jline/lang/processes/APH.java
jline/lang/processes/BMAP.java	java-already	jar/src/main/kotlin/jline/lang/processes/BMAP.java
jline/lang/processes/Bernoulli.java	java-already	jar/src/main/kotlin/jline/lang/processes/Bernoulli.java
jline/lang/processes/Binomial.java	java-already	jar/src/main/kotlin/jline/lang/processes/Binomial.java
jline/lang/processes/ContinuousDistribution.java	java-already	jar/src/main/kotlin/jline/lang/processes/ContinuousDistribution.java
jline/lang/processes/Cox2.java	java-already	jar/src/main/kotlin/jline/lang/processes/Cox2.java
jline/lang/processes/Coxian.java	java-already	jar/src/main/kotlin/jline/lang/processes/Coxian.java
jline/lang/processes/DMAP.java	java-already	jar/src/main/kotlin/jline/lang/processes/DMAP.java
jline/lang/processes/Det.java	java-already	jar/src/main/kotlin/jline/lang/processes/Det.java
jline/lang/processes/Disabled.java	java-already	jar/src/main/kotlin/jline/lang/processes/Disabled.java
jline/lang/processes/DiscreteDistribution.java	java-already	jar/src/main/kotlin/jline/lang/processes/DiscreteDistribution.java
jline/lang/processes/DiscreteSampler.java	java-already	jar/src/main/kotlin/jline/lang/processes/DiscreteSampler.java
jline/lang/processes/DiscreteUniform.java	java-already	jar/src/main/kotlin/jline/lang/processes/DiscreteUniform.java
jline/lang/processes/Distribution.java	java-already	jar/src/main/kotlin/jline/lang/processes/Distribution.java
jline/lang/processes/EmpiricalCDF.java	java-already	jar/src/main/kotlin/jline/lang/processes/EmpiricalCDF.java
jline/lang/processes/Erlang.java	java-already	jar/src/main/kotlin/jline/lang/processes/Erlang.java
jline/lang/processes/Exp.java	java-already	jar/src/main/kotlin/jline/lang/processes/Exp.java
jline/lang/processes/GMM.java	java-already	jar/src/main/kotlin/jline/lang/processes/GMM.java
jline/lang/processes/Gamma.java	java-already	jar/src/main/kotlin/jline/lang/processes/Gamma.java
jline/lang/processes/Geometric.java	java-already	jar/src/main/kotlin/jline/lang/processes/Geometric.java
jline/lang/processes/HyperExp.java	java-already	jar/src/main/kotlin/jline/lang/processes/HyperExp.java
jline/lang/processes/Immediate.java	java-already	jar/src/main/kotlin/jline/lang/processes/Immediate.java
jline/lang/processes/Lognormal.java	java-already	jar/src/main/kotlin/jline/lang/processes/Lognormal.java
jline/lang/processes/MAP.java	java-already	jar/src/main/kotlin/jline/lang/processes/MAP.java
jline/lang/processes/ME.java	java-already	jar/src/main/kotlin/jline/lang/processes/ME.java
jline/lang/processes/MMAP.java	java-already	jar/src/main/kotlin/jline/lang/processes/MMAP.java
jline/lang/processes/MMDP.java	java-already	jar/src/main/kotlin/jline/lang/processes/MMDP.java
jline/lang/processes/MMDP2.java	java-already	jar/src/main/kotlin/jline/lang/processes/MMDP2.java
jline/lang/processes/MMPP2.java	java-already	jar/src/main/kotlin/jline/lang/processes/MMPP2.java
jline/lang/processes/Marked.java	java-already	jar/src/main/kotlin/jline/lang/processes/Marked.java
jline/lang/processes/MarkedMAP.java	java-already	jar/src/main/kotlin/jline/lang/processes/MarkedMAP.java
jline/lang/processes/MarkedMMPP.java	java-already	jar/src/main/kotlin/jline/lang/processes/MarkedMMPP.java
jline/lang/processes/MarkedMarkovProcess.java	java-already	jar/src/main/kotlin/jline/lang/processes/MarkedMarkovProcess.java
jline/lang/processes/MarkovChain.java	java-already	jar/src/main/kotlin/jline/lang/processes/MarkovChain.java
jline/lang/processes/MarkovModulated.java	java-already	jar/src/main/kotlin/jline/lang/processes/MarkovModulated.java
jline/lang/processes/MarkovProcess.java	java-already	jar/src/main/kotlin/jline/lang/processes/MarkovProcess.java
jline/lang/processes/Markovian.java	java-already	jar/src/main/kotlin/jline/lang/processes/Markovian.java
jline/lang/processes/MultivariateNormal.java	java-already	jar/src/main/kotlin/jline/lang/processes/MultivariateNormal.java
jline/lang/processes/Normal.java	java-already	jar/src/main/kotlin/jline/lang/processes/Normal.java
jline/lang/processes/PH.java	java-already	jar/src/main/kotlin/jline/lang/processes/PH.java
jline/lang/processes/Pareto.java	java-already	jar/src/main/kotlin/jline/lang/processes/Pareto.java
jline/lang/processes/Poisson.java	java-already	jar/src/main/kotlin/jline/lang/processes/Poisson.java
jline/lang/processes/Prior.java	java-already	jar/src/main/kotlin/jline/lang/processes/Prior.java
jline/lang/processes/Process.java	java-already	jar/src/main/kotlin/jline/lang/processes/Process.java
jline/lang/processes/RAP.java	java-already	jar/src/main/kotlin/jline/lang/processes/RAP.java
jline/lang/processes/Replayer.java	java-already	jar/src/main/kotlin/jline/lang/processes/Replayer.java
jline/lang/processes/Trace.java	java-already	jar/src/main/kotlin/jline/lang/processes/Trace.java
jline/lang/processes/Uniform.java	java-already	jar/src/main/kotlin/jline/lang/processes/Uniform.java
jline/lang/processes/Weibull.java	java-already	jar/src/main/kotlin/jline/lang/processes/Weibull.java
jline/lang/processes/Zipf.java	java-already	jar/src/main/kotlin/jline/lang/processes/Zipf.java
jline/lang/processes/package-info.java	java-already	jar/src/main/kotlin/jline/lang/processes/package-info.java
jline/lang/reward/RewardFunction.java	java-already	jar/src/main/kotlin/jline/lang/reward/RewardFunction.java
jline/lang/reward/package-info.java	java-already	jar/src/main/kotlin/jline/lang/reward/package-info.java
jline/lang/sections/Buffer.java	java-already	jar/src/main/kotlin/jline/lang/sections/Buffer.java
jline/lang/sections/CSFunInput.java	java-already	jar/src/main/kotlin/jline/lang/sections/CSFunInput.java
jline/lang/sections/CacheClassSwitcher.java	java-already	jar/src/main/kotlin/jline/lang/sections/CacheClassSwitcher.java
jline/lang/sections/ClassSwitcher.java	java-already	jar/src/main/kotlin/jline/lang/sections/ClassSwitcher.java
jline/lang/sections/Dispatcher.java	java-already	jar/src/main/kotlin/jline/lang/sections/Dispatcher.java
jline/lang/sections/Enabling.java	java-already	jar/src/main/kotlin/jline/lang/sections/Enabling.java
jline/lang/sections/Firing.java	java-already	jar/src/main/kotlin/jline/lang/sections/Firing.java
jline/lang/sections/Forker.java	java-already	jar/src/main/kotlin/jline/lang/sections/Forker.java
jline/lang/sections/InfiniteServer.java	java-already	jar/src/main/kotlin/jline/lang/sections/InfiniteServer.java
jline/lang/sections/InputSection.java	java-already	jar/src/main/kotlin/jline/lang/sections/InputSection.java
jline/lang/sections/Joiner.java	java-already	jar/src/main/kotlin/jline/lang/sections/Joiner.java
jline/lang/sections/Linkage.java	java-already	jar/src/main/kotlin/jline/lang/sections/Linkage.java
jline/lang/sections/LogTunnel.java	java-already	jar/src/main/kotlin/jline/lang/sections/LogTunnel.java
jline/lang/sections/OutputSection.java	java-already	jar/src/main/kotlin/jline/lang/sections/OutputSection.java
jline/lang/sections/PollingServer.java	java-already	jar/src/main/kotlin/jline/lang/sections/PollingServer.java
jline/lang/sections/PreemptiveServer.java	java-already	jar/src/main/kotlin/jline/lang/sections/PreemptiveServer.java
jline/lang/sections/RandomSource.java	java-already	jar/src/main/kotlin/jline/lang/sections/RandomSource.java
jline/lang/sections/Section.java	java-already	jar/src/main/kotlin/jline/lang/sections/Section.java
jline/lang/sections/Server.java	java-already	jar/src/main/kotlin/jline/lang/sections/Server.java
jline/lang/sections/ServiceSection.java	java-already	jar/src/main/kotlin/jline/lang/sections/ServiceSection.java
jline/lang/sections/ServiceTunnel.java	java-already	jar/src/main/kotlin/jline/lang/sections/ServiceTunnel.java
jline/lang/sections/SharedServer.java	java-already	jar/src/main/kotlin/jline/lang/sections/SharedServer.java
jline/lang/sections/StatefulClassSwitcher.java	java-already	jar/src/main/kotlin/jline/lang/sections/StatefulClassSwitcher.java
jline/lang/sections/StatelessClassSwitcher.java	java-already	jar/src/main/kotlin/jline/lang/sections/StatelessClassSwitcher.java
jline/lang/sections/Storage.java	java-already	jar/src/main/kotlin/jline/lang/sections/Storage.java
jline/lang/sections/Timing.java	java-already	jar/src/main/kotlin/jline/lang/sections/Timing.java
jline/lang/sections/package-info.java	java-already	jar/src/main/kotlin/jline/lang/sections/package-info.java
jline/lang/state/AfterEventCache.java	java-already	jar/src/main/kotlin/jline/lang/state/AfterEventCache.java
jline/lang/state/AfterEventRouter.java	java-already	jar/src/main/kotlin/jline/lang/state/AfterEventRouter.java
jline/lang/state/AfterEventStation.java	java-already	jar/src/main/kotlin/jline/lang/state/AfterEventStation.java
jline/lang/state/AfterEventTransition.java	java-already	jar/src/main/kotlin/jline/lang/state/AfterEventTransition.java
jline/lang/state/AfterGlobalEvent.java	java-already	jar/src/main/kotlin/jline/lang/state/AfterGlobalEvent.java
jline/lang/state/EventCache.java	java-already	jar/src/main/kotlin/jline/lang/state/EventCache.java
jline/lang/state/EventCacheKey.java	java-already	jar/src/main/kotlin/jline/lang/state/EventCacheKey.java
jline/lang/state/FromMarginal.java	java-already	jar/src/main/kotlin/jline/lang/state/FromMarginal.java
jline/lang/state/State.java	java-already	jar/src/main/kotlin/jline/lang/state/State.java
jline/lang/state/ToMarginal.java	java-already	jar/src/main/kotlin/jline/lang/state/ToMarginal.java
jline/lang/state/package-info.java	java-already	jar/src/main/kotlin/jline/lang/state/package-info.java
jline/lang/workflow/Workflow.java	java-already	jar/src/main/kotlin/jline/lang/workflow/Workflow.java
jline/lang/workflow/WorkflowActivity.java	java-already	jar/src/main/kotlin/jline/lang/workflow/WorkflowActivity.java
jline/lib/butools/APH2ndMomentLowerBound.kt	kt-post-migration-only	NONE
jline/lib/butools/APH3rdMomentLowerBound.kt	kt-post-migration-only	NONE
jline/lib/butools/APH3rdMomentUpperBound.kt	kt-post-migration-only	NONE
jline/lib/butools/APHFrom3Moments.kt	kt-post-migration-only	NONE
jline/lib/butools/CheckMoments.kt	kt-post-migration-only	NONE
jline/lib/butools/FactorialMomsFromMoms.kt	kt-post-migration-only	NONE
jline/lib/butools/FluidFundamentalMatrices.kt	kt-post-migration-only	NONE
jline/lib/butools/HankelMomsFromMoms.kt	kt-post-migration-only	NONE
jline/lib/butools/JFactorialMomsFromJMoms.kt	kt-post-migration-only	NONE
jline/lib/butools/JMomsFromJFactorialMoms.kt	kt-post-migration-only	NONE
jline/lib/butools/MMAPPH1FCFS.kt	kt-post-migration-only	NONE
jline/lib/butools/MMAPPH1NPPR.kt	kt-post-migration-only	NONE
jline/lib/butools/MMAPPH1PRPR.kt	kt-post-migration-only	NONE
jline/lib/butools/MomsFromFactorialMoms.kt	kt-post-migration-only	NONE
jline/lib/butools/MomsFromHankelMoms.kt	kt-post-migration-only	NONE
jline/lib/butools/MomsFromNormMoms.kt	kt-post-migration-only	NONE
jline/lib/butools/MomsFromReducedMoms.kt	kt-post-migration-only	NONE
jline/lib/butools/NormMomsFromMoms.kt	kt-post-migration-only	NONE
jline/lib/butools/Poly.kt	kt-post-migration-only	NONE
jline/lib/butools/QBDFundamentalMatrices.kt	kt-post-migration-only	NONE
jline/lib/butools/ReducedMomsFromMoms.kt	kt-post-migration-only	NONE
jline/lib/butools/SimilarityMatrixForVectors.kt	kt-post-migration-only	NONE
jline/lib/butools/dmap/CanonicalFromDMAP2.kt	kt-post-migration-only	NONE
jline/lib/butools/dmap/CheckDMAPRepresentation.kt	kt-post-migration-only	NONE
jline/lib/butools/dmap/CheckDMMAPRepresentation.kt	kt-post-migration-only	NONE
jline/lib/butools/dmap/CheckDMRAPRepresentation.kt	kt-post-migration-only	NONE
jline/lib/butools/dmap/CheckDRAPRepresentation.kt	kt-post-migration-only	NONE
jline/lib/butools/dmap/DMAP2FromMoments.kt	kt-post-migration-only	NONE
jline/lib/butools/dmap/DMAPFromDRAP.kt	kt-post-migration-only	NONE
jline/lib/butools/dmap/DMMAPFromDMRAP.kt	kt-post-migration-only	NONE
jline/lib/butools/dmap/DMRAPFromMoments.kt	kt-post-migration-only	NONE
jline/lib/butools/dmap/DRAPFromMoments.kt	kt-post-migration-only	NONE
jline/lib/butools/dmap/LagCorrelationsFromDMAP.kt	kt-post-migration-only	NONE
jline/lib/butools/dmap/LagCorrelationsFromDRAP.kt	kt-post-migration-only	NONE
jline/lib/butools/dmap/LagkJointMomentsFromDMAP.kt	kt-post-migration-only	NONE
jline/lib/butools/dmap/LagkJointMomentsFromDMMAP.kt	kt-post-migration-only	NONE
jline/lib/butools/dmap/LagkJointMomentsFromDMRAP.kt	kt-post-migration-only	NONE
jline/lib/butools/dmap/LagkJointMomentsFromDRAP.kt	kt-post-migration-only	NONE
jline/lib/butools/dmap/MarginalDistributionFromDMAP.kt	kt-post-migration-only	NONE
jline/lib/butools/dmap/MarginalDistributionFromDMMAP.kt	kt-post-migration-only	NONE
jline/lib/butools/dmap/MarginalDistributionFromDMRAP.kt	kt-post-migration-only	NONE
jline/lib/butools/dmap/MarginalDistributionFromDRAP.kt	kt-post-migration-only	NONE
jline/lib/butools/dmap/MarginalMomentsFromDMAP.kt	kt-post-migration-only	NONE
jline/lib/butools/dmap/MarginalMomentsFromDMMAP.kt	kt-post-migration-only	NONE
jline/lib/butools/dmap/MarginalMomentsFromDMRAP.kt	kt-post-migration-only	NONE
jline/lib/butools/dmap/MarginalMomentsFromDRAP.kt	kt-post-migration-only	NONE
jline/lib/butools/dmap/RandomDMAP.kt	kt-post-migration-only	NONE
jline/lib/butools/dmap/RandomDMMAP.kt	kt-post-migration-only	NONE
jline/lib/butools/dmap/SamplesFromDMAP.kt	kt-post-migration-only	NONE
jline/lib/butools/dmap/SamplesFromDMMAP.kt	kt-post-migration-only	NONE
jline/lib/butools/dph/AcyclicDPHFromMG.kt	kt-post-migration-only	NONE
jline/lib/butools/dph/CanonicalFromDPH2.kt	kt-post-migration-only	NONE
jline/lib/butools/dph/CanonicalFromDPH3.kt	kt-post-migration-only	NONE
jline/lib/butools/dph/CdfFromDPH.kt	kt-post-migration-only	NONE
jline/lib/butools/dph/CdfFromMG.kt	kt-post-migration-only	NONE
jline/lib/butools/dph/CheckDPHRepresentation.kt	kt-post-migration-only	NONE
jline/lib/butools/dph/CheckMGRepresentation.kt	kt-post-migration-only	NONE
jline/lib/butools/dph/DPH2From3Moments.kt	kt-post-migration-only	NONE
jline/lib/butools/dph/DPH3From5Moments.kt	kt-post-migration-only	NONE
jline/lib/butools/dph/DPHFromMG.kt	kt-post-migration-only	NONE
jline/lib/butools/dph/MGFromMoments.kt	kt-post-migration-only	NONE
jline/lib/butools/dph/MomentsFromDPH.kt	kt-post-migration-only	NONE
jline/lib/butools/dph/MomentsFromMG.kt	kt-post-migration-only	NONE
jline/lib/butools/dph/PmfFromDPH.kt	kt-post-migration-only	NONE
jline/lib/butools/dph/PmfFromMG.kt	kt-post-migration-only	NONE
jline/lib/butools/dph/RandomDPH.kt	kt-post-migration-only	NONE
jline/lib/butools/dph/SamplesFromDPH.kt	kt-post-migration-only	NONE
jline/lib/butools/dph/package-info.java	java-already	jar/src/main/kotlin/jline/lib/butools/dph/package-info.java
jline/lib/butools/fitting/LikelihoodFromTrace.kt	kt-post-migration-only	NONE
jline/lib/butools/fitting/MAPFromTrace.kt	kt-post-migration-only	NONE
jline/lib/butools/fitting/PHFromTrace.kt	kt-post-migration-only	NONE
jline/lib/butools/fitting/RelativeEntropy.kt	kt-post-migration-only	NONE
jline/lib/butools/fitting/SquaredDifference.kt	kt-post-migration-only	NONE
jline/lib/butools/fitting/package-info.java	java-already	jar/src/main/kotlin/jline/lib/butools/fitting/package-info.java
jline/lib/butools/mam/FluidSolve.kt	kt-post-migration-only	NONE
jline/lib/butools/mam/FluidStationaryDistr.kt	kt-post-migration-only	NONE
jline/lib/butools/mam/GM1FundamentalMatrix.kt	kt-post-migration-only	NONE
jline/lib/butools/mam/GM1StationaryDistr.kt	kt-post-migration-only	NONE
jline/lib/butools/mam/GeneralFluidSolve.kt	kt-post-migration-only	NONE
jline/lib/butools/mam/MG1FundamentalMatrix.kt	kt-post-migration-only	NONE
jline/lib/butools/mam/MG1StationaryDistr.kt	kt-post-migration-only	NONE
jline/lib/butools/mam/QBDSolve.kt	kt-post-migration-only	NONE
jline/lib/butools/mam/QBDStationaryDistr.kt	kt-post-migration-only	NONE
jline/lib/butools/mam/package-info.java	java-already	jar/src/main/kotlin/jline/lib/butools/mam/package-info.java
jline/lib/butools/map/CanonicalFromMAP2.kt	kt-post-migration-only	NONE
jline/lib/butools/map/CheckMAPRepresentation.kt	kt-post-migration-only	NONE
jline/lib/butools/map/CheckMMAPRepresentation.kt	kt-post-migration-only	NONE
jline/lib/butools/map/CheckMRAPRepresentation.kt	kt-post-migration-only	NONE
jline/lib/butools/map/LagCorrelationsFromMAP.kt	kt-post-migration-only	NONE
jline/lib/butools/map/LagkJointMomentsFromMAP.kt	kt-post-migration-only	NONE
jline/lib/butools/map/LagkJointMomentsFromMMAP.kt	kt-post-migration-only	NONE
jline/lib/butools/map/LagkJointMomentsFromMRAP.kt	kt-post-migration-only	NONE
jline/lib/butools/map/LagkJointMomentsFromRAP.kt	kt-post-migration-only	NONE
jline/lib/butools/map/MAP2CorrelationBounds.kt	kt-post-migration-only	NONE
jline/lib/butools/map/MAP2FromMoments.kt	kt-post-migration-only	NONE
jline/lib/butools/map/MAPFromFewMomentsAndCorrelations.kt	kt-post-migration-only	NONE
jline/lib/butools/map/MAPFromRAP.kt	kt-post-migration-only	NONE
jline/lib/butools/map/MMAPFromMRAP.kt	kt-post-migration-only	NONE
jline/lib/butools/map/MRAPFromMoments.kt	kt-post-migration-only	NONE
jline/lib/butools/map/MarginalDistributionFromMAP.kt	kt-post-migration-only	NONE
jline/lib/butools/map/MarginalDistributionFromMMAP.kt	kt-post-migration-only	NONE
jline/lib/butools/map/MarginalDistributionFromMRAP.kt	kt-post-migration-only	NONE
jline/lib/butools/map/MarginalMomentsFromMAP.kt	kt-post-migration-only	NONE
jline/lib/butools/map/MarginalMomentsFromMMAP.kt	kt-post-migration-only	NONE
jline/lib/butools/map/MarginalMomentsFromMRAP.kt	kt-post-migration-only	NONE
jline/lib/butools/map/MinimalRepFromMRAP.kt	kt-post-migration-only	NONE
jline/lib/butools/map/MinimalRepFromRAP.kt	kt-post-migration-only	NONE
jline/lib/butools/map/RAPFromMomentsAndCorrelations.kt	kt-post-migration-only	NONE
jline/lib/butools/map/RandomMAP.kt	kt-post-migration-only	NONE
jline/lib/butools/map/RandomMMAP.kt	kt-post-migration-only	NONE
jline/lib/butools/map/SamplesFromMAP.kt	kt-post-migration-only	NONE
jline/lib/butools/map/SamplesFromMMAP.kt	kt-post-migration-only	NONE
jline/lib/butools/map/package-info.java	java-already	jar/src/main/kotlin/jline/lib/butools/map/package-info.java
jline/lib/butools/mc/CRPSolve.kt	kt-post-migration-only	NONE
jline/lib/butools/mc/CTMCSolve.kt	kt-post-migration-only	NONE
jline/lib/butools/mc/CheckGenerator.kt	kt-post-migration-only	NONE
jline/lib/butools/mc/CheckProbMatrix.kt	kt-post-migration-only	NONE
jline/lib/butools/mc/CheckProbVector.kt	kt-post-migration-only	NONE
jline/lib/butools/mc/DTMCSolve.kt	kt-post-migration-only	NONE
jline/lib/butools/mc/package-info.java	java-already	jar/src/main/kotlin/jline/lib/butools/mc/package-info.java
jline/lib/butools/package-info.java	java-already	jar/src/main/kotlin/jline/lib/butools/package-info.java
jline/lib/butools/ph/AcyclicPHFromME.kt	kt-post-migration-only	NONE
jline/lib/butools/ph/CanonicalFromPH2.kt	kt-post-migration-only	NONE
jline/lib/butools/ph/CanonicalFromPH3.kt	kt-post-migration-only	NONE
jline/lib/butools/ph/CdfFromME.kt	kt-post-migration-only	NONE
jline/lib/butools/ph/CheckMEPositiveDensity.kt	kt-post-migration-only	NONE
jline/lib/butools/ph/CheckMERepresentation.kt	kt-post-migration-only	NONE
jline/lib/butools/ph/CheckPHRepresentation.kt	kt-post-migration-only	NONE
jline/lib/butools/ph/CheckRAPRepresentation.kt	kt-post-migration-only	NONE
jline/lib/butools/ph/IntervalPdfFromPH.kt	kt-post-migration-only	NONE
jline/lib/butools/ph/MEFromMoments.kt	kt-post-migration-only	NONE
jline/lib/butools/ph/MEOrder.kt	kt-post-migration-only	NONE
jline/lib/butools/ph/MEOrderFromMoments.kt	kt-post-migration-only	NONE
jline/lib/butools/ph/MinimalRepFromME.kt	kt-post-migration-only	NONE
jline/lib/butools/ph/MomentsFromME.kt	kt-post-migration-only	NONE
jline/lib/butools/ph/MonocyclicPHFromME.kt	kt-post-migration-only	NONE
jline/lib/butools/ph/PH2From3Moments.kt	kt-post-migration-only	NONE
jline/lib/butools/ph/PH3From5Moments.kt	kt-post-migration-only	NONE
jline/lib/butools/ph/PHFromME.kt	kt-post-migration-only	NONE
jline/lib/butools/ph/PHRepresentation.kt	kt-post-migration-only	NONE
jline/lib/butools/ph/PdfFromME.kt	kt-post-migration-only	NONE
jline/lib/butools/ph/RandomPH.kt	kt-post-migration-only	NONE
jline/lib/butools/ph/SamplesFromPH.kt	kt-post-migration-only	NONE
jline/lib/butools/ph/package-info.java	java-already	jar/src/main/kotlin/jline/lib/butools/ph/package-info.java
jline/lib/butools/queues/FluFluQueue.kt	kt-post-migration-only	NONE
jline/lib/butools/queues/FluidQueue.kt	kt-post-migration-only	NONE
jline/lib/butools/queues/MAPMAP1.kt	kt-post-migration-only	NONE
jline/lib/butools/queues/QBDQueue.kt	kt-post-migration-only	NONE
jline/lib/butools/reptrans/ExtendToMarkovian.kt	kt-post-migration-only	NONE
jline/lib/butools/reptrans/FindMarkovianRepresentation.kt	kt-post-migration-only	NONE
jline/lib/butools/reptrans/MStaircase.kt	kt-post-migration-only	NONE
jline/lib/butools/reptrans/SimilarityMatrix.kt	kt-post-migration-only	NONE
jline/lib/butools/reptrans/TransformToAcyclic.kt	kt-post-migration-only	NONE
jline/lib/butools/reptrans/TransformToMonocyclic.kt	kt-post-migration-only	NONE
jline/lib/butools/reptrans/package-info.java	java-already	jar/src/main/kotlin/jline/lib/butools/reptrans/package-info.java
jline/lib/butools/trace/CdfFromTrace.kt	kt-post-migration-only	NONE
jline/lib/butools/trace/LagCorrelationsFromTrace.kt	kt-post-migration-only	NONE
jline/lib/butools/trace/MarginalMomentsFromTrace.kt	kt-post-migration-only	NONE
jline/lib/butools/trace/PdfFromTrace.kt	kt-post-migration-only	NONE
jline/lib/butools/trace/package-info.java	java-already	jar/src/main/kotlin/jline/lib/butools/trace/package-info.java
jline/lib/fjcodes/BuildSA.kt	kt-post-migration-only	NONE
jline/lib/fjcodes/BuildServiceH.kt	kt-post-migration-only	NONE
jline/lib/fjcodes/ComputePi.kt	kt-post-migration-only	NONE
jline/lib/fjcodes/ComputeT.kt	kt-post-migration-only	NONE
jline/lib/fjcodes/ComputeT_NARE.kt	kt-post-migration-only	NONE
jline/lib/fjcodes/ComputeT_Sylvester.kt	kt-post-migration-only	NONE
jline/lib/fjcodes/FJStateSpace.kt	kt-post-migration-only	NONE
jline/lib/fjcodes/FJUtils.kt	kt-post-migration-only	NONE
jline/lib/fjcodes/GenerateService.kt	kt-post-migration-only	NONE
jline/lib/fjcodes/MainFJ.kt	kt-post-migration-only	NONE
jline/lib/fjcodes/ReturnPer.kt	kt-post-migration-only	NONE
jline/lib/fjcodes/ReturnRT1.kt	kt-post-migration-only	NONE
jline/lib/fjcodes/ReturnRT2.kt	kt-post-migration-only	NONE
jline/lib/fjcodes/ReturnWait.kt	kt-post-migration-only	NONE
jline/lib/kpctoolbox/Kpctoolbox.kt	kt-post-migration-only	NONE
jline/lib/kpctoolbox/MAPCatalog.java	java-already	jar/src/main/kotlin/jline/lib/kpctoolbox/MAPCatalog.java
jline/lib/kpctoolbox/aph/APH.kt	kt-post-migration-only	NONE
jline/lib/kpctoolbox/basic/BasicUtils.kt	kt-post-migration-only	NONE
jline/lib/kpctoolbox/erchmm/ERCHMM.kt	kt-post-migration-only	NONE
jline/lib/kpctoolbox/kpcfit/KPCFit.kt	kt-post-migration-only	NONE
jline/lib/kpctoolbox/mc/CTMC.kt	kt-post-migration-only	NONE
jline/lib/kpctoolbox/mc/DTMC.kt	kt-post-migration-only	NONE
jline/lib/kpctoolbox/mmpp/MMPP.kt	kt-post-migration-only	NONE
jline/lib/kpctoolbox/mvph/MVPH.kt	kt-post-migration-only	NONE
jline/lib/kpctoolbox/package-info.java	java-already	jar/src/main/kotlin/jline/lib/kpctoolbox/package-info.java
jline/lib/kpctoolbox/smp/DET.kt	kt-post-migration-only	NONE
jline/lib/kpctoolbox/trace/TraceAnalysis.kt	kt-post-migration-only	NONE
jline/lib/lti/abatewhitt.kt	kt-post-migration-only	NONE
jline/lib/lti/cme.kt	kt-post-migration-only	NONE
jline/lib/lti/customromberg.kt	kt-post-migration-only	NONE
jline/lib/lti/euler.kt	kt-post-migration-only	NONE
jline/lib/lti/function_wrapper.kt	kt-post-migration-only	NONE
jline/lib/lti/gaverstehfest.kt	kt-post-migration-only	NONE
jline/lib/lti/iltcme.kt	kt-post-migration-only	NONE
jline/lib/lti/laguerre.kt	kt-post-migration-only	NONE
jline/lib/lti/package-info.java	java-already	jar/src/main/kotlin/jline/lib/lti/package-info.java
jline/lib/lti/talbot.kt	kt-post-migration-only	NONE
jline/lib/m3a/M3aCompress.kt	kt-post-migration-only	NONE
jline/lib/m3a/M3aCompressor.kt	kt-post-migration-only	NONE
jline/lib/m3a/M3aFit.kt	kt-post-migration-only	NONE
jline/lib/m3a/M3aUtils.kt	kt-post-migration-only	NONE
jline/lib/m3a/package-info.java	java-already	jar/src/main/kotlin/jline/lib/m3a/package-info.java
jline/lib/mom/Main.kt	kt-post-migration-only	NONE
jline/lib/mom/SimpleExample.kt	kt-post-migration-only	NONE
jline/lib/mom/solver/LinearSolver.kt	kt-post-migration-only	NONE
jline/lib/mom/solver/LinearSystemMatrices.kt	kt-post-migration-only	NONE
jline/lib/mom/solver/MomSolver.kt	kt-post-migration-only	NONE
jline/lib/mom/solver/MomSolverResult.kt	kt-post-migration-only	NONE
jline/lib/mom/solver/SetupLinearSystem.kt	kt-post-migration-only	NONE
jline/lib/mom/util/MomUtils.kt	kt-post-migration-only	NONE
jline/lib/ode/RKF45.kt	kt-post-migration-only	NONE
jline/lib/package-info.java	java-already	jar/src/main/kotlin/jline/lib/package-info.java
jline/lib/perm/AdaPartSampler.kt	kt-post-migration-only	NONE
jline/lib/perm/BethePermanent.kt	kt-post-migration-only	NONE
jline/lib/perm/HeuristicPermanent.kt	kt-post-migration-only	NONE
jline/lib/perm/HuberLawSampler.kt	kt-post-migration-only	NONE
jline/lib/perm/NaivePermanent.kt	kt-post-migration-only	NONE
jline/lib/perm/PermExample.kt	kt-post-migration-only	NONE
jline/lib/perm/PermSolver.kt	kt-post-migration-only	NONE
jline/lib/perm/Permanent.kt	kt-post-migration-only	NONE
jline/lib/perm/QueueingNetwork.kt	kt-post-migration-only	NONE
jline/lib/perm/RyzerPermanent.kt	kt-post-migration-only	NONE
jline/lib/perm/package-info.java	java-already	jar/src/main/kotlin/jline/lib/perm/package-info.java
jline/lib/qmam/Q_CT_MAP_D_C.kt	kt-post-migration-only	NONE
jline/lib/qmam/Q_CT_MAP_MAP_1.kt	kt-post-migration-only	NONE
jline/lib/qmam/Q_CT_MAP_M_C.kt	kt-post-migration-only	NONE
jline/lib/qmam/Q_CT_MMAPK_PHK_1.kt	kt-post-migration-only	NONE
jline/lib/qmam/Q_CT_PH_PH_1.kt	kt-post-migration-only	NONE
jline/lib/qmam/Q_RAP_RAP_1.kt	kt-post-migration-only	NONE
jline/lib/qmam/Q_Sylvest.kt	kt-post-migration-only	NONE
jline/lib/rmf/CacheRMF.java	java-already	jar/src/main/kotlin/jline/lib/rmf/CacheRMF.java
jline/lib/smc/GIM1_Caudal.kt	kt-post-migration-only	NONE
jline/lib/smc/GIM1_R.kt	kt-post-migration-only	NONE
jline/lib/smc/GIM1_pi.kt	kt-post-migration-only	NONE
jline/lib/smc/MG1_Decay.kt	kt-post-migration-only	NONE
jline/lib/smc/MG1_EG.kt	kt-post-migration-only	NONE
jline/lib/smc/MG1_ETAQA.kt	kt-post-migration-only	NONE
jline/lib/smc/MG1_FI.kt	kt-post-migration-only	NONE
jline/lib/smc/MG1_Shifts.kt	kt-post-migration-only	NONE
jline/lib/smc/MG1_pi.kt	kt-post-migration-only	NONE
jline/lib/smc/NSF_GHT.kt	kt-post-migration-only	NONE
jline/lib/smc/ParseOptPara.kt	kt-post-migration-only	NONE
jline/lib/smc/QBD_CAUDAL.kt	kt-post-migration-only	NONE
jline/lib/smc/QBD_CR.kt	kt-post-migration-only	NONE
jline/lib/smc/QBD_EG.kt	kt-post-migration-only	NONE
jline/lib/smc/QBD_FI.kt	kt-post-migration-only	NONE
jline/lib/smc/QBD_IS.kt	kt-post-migration-only	NONE
jline/lib/smc/QBD_LR.kt	kt-post-migration-only	NONE
jline/lib/smc/QBD_NI.kt	kt-post-migration-only	NONE
jline/lib/smc/QBD_NI_Sylvest.kt	kt-post-migration-only	NONE
jline/lib/smc/QBD_ParsePara.kt	kt-post-migration-only	NONE
jline/lib/smc/QBD_RAP_ParsePara.kt	kt-post-migration-only	NONE
jline/lib/smc/QBD_pi.kt	kt-post-migration-only	NONE
jline/lib/smc/Stat.kt	kt-post-migration-only	NONE
jline/lib/smc/package-info.java	java-already	jar/src/main/kotlin/jline/lib/smc/package-info.java
jline/package-info.java	java-already	jar/src/main/kotlin/jline/package-info.java
jline/solvers/AvgHandle.java	java-already	jar/src/main/kotlin/jline/solvers/AvgHandle.java
jline/solvers/AvgTable.java	java-already	jar/src/main/kotlin/jline/solvers/AvgTable.java
jline/solvers/EnsembleSolver.java	java-already	jar/src/main/kotlin/jline/solvers/EnsembleSolver.java
jline/solvers/LayeredNetworkAvgTable.java	java-already	jar/src/main/kotlin/jline/solvers/LayeredNetworkAvgTable.java
jline/solvers/LayeredSolverResult.java	java-already	jar/src/main/kotlin/jline/solvers/LayeredSolverResult.java
jline/solvers/NetworkAvgChainTable.java	java-already	jar/src/main/kotlin/jline/solvers/NetworkAvgChainTable.java
jline/solvers/NetworkAvgNodeChainTable.java	java-already	jar/src/main/kotlin/jline/solvers/NetworkAvgNodeChainTable.java
jline/solvers/NetworkAvgNodeTable.java	java-already	jar/src/main/kotlin/jline/solvers/NetworkAvgNodeTable.java
jline/solvers/NetworkAvgSysTable.java	java-already	jar/src/main/kotlin/jline/solvers/NetworkAvgSysTable.java
jline/solvers/NetworkAvgTable.java	java-already	jar/src/main/kotlin/jline/solvers/NetworkAvgTable.java
jline/solvers/NetworkSolver.java	java-already	jar/src/main/kotlin/jline/solvers/NetworkSolver.java
jline/solvers/Solver.java	java-already	jar/src/main/kotlin/jline/solvers/Solver.java
jline/solvers/SolverAvgHandles.java	java-already	jar/src/main/kotlin/jline/solvers/SolverAvgHandles.java
jline/solvers/SolverOptions.java	java-already	jar/src/main/kotlin/jline/solvers/SolverOptions.java
jline/solvers/SolverResult.java	java-already	jar/src/main/kotlin/jline/solvers/SolverResult.java
jline/solvers/SolverTranHandles.java	java-already	jar/src/main/kotlin/jline/solvers/SolverTranHandles.java
jline/solvers/auto/AUTO.java	java-already	jar/src/main/kotlin/jline/solvers/auto/AUTO.java
jline/solvers/auto/AUTOptions.java	java-already	jar/src/main/kotlin/jline/solvers/auto/AUTOptions.java
jline/solvers/auto/LINE.java	java-already	jar/src/main/kotlin/jline/solvers/auto/LINE.java
jline/solvers/auto/ModelAnalyzer.java	java-already	jar/src/main/kotlin/jline/solvers/auto/ModelAnalyzer.java
jline/solvers/auto/SolverAUTO.java	java-already	jar/src/main/kotlin/jline/solvers/auto/SolverAUTO.java
jline/solvers/auto/package-info.java	java-already	jar/src/main/kotlin/jline/solvers/auto/package-info.java
jline/solvers/ctmc/CTMC.java	java-already	jar/src/main/kotlin/jline/solvers/ctmc/CTMC.java
jline/solvers/ctmc/CTMCOptions.java	java-already	jar/src/main/kotlin/jline/solvers/ctmc/CTMCOptions.java
jline/solvers/ctmc/CTMCResult.java	java-already	jar/src/main/kotlin/jline/solvers/ctmc/CTMCResult.java
jline/solvers/ctmc/ResultCTMC.java	java-already	jar/src/main/kotlin/jline/solvers/ctmc/ResultCTMC.java
jline/solvers/ctmc/ResultCTMCMargAggr.java	java-already	jar/src/main/kotlin/jline/solvers/ctmc/ResultCTMCMargAggr.java
jline/solvers/ctmc/SolverCTMC.java	java-already	jar/src/main/kotlin/jline/solvers/ctmc/SolverCTMC.java
jline/solvers/ctmc/analyzers/Solver_ctmc_analyzer.kt	kt-post-migration-only	NONE
jline/solvers/ctmc/analyzers/Solver_ctmc_qrf_analyzer.kt	kt-post-migration-only	NONE
jline/solvers/ctmc/analyzers/Solver_ctmc_reward.kt	kt-post-migration-only	NONE
jline/solvers/ctmc/analyzers/package-info.java	java-already	jar/src/main/kotlin/jline/solvers/ctmc/analyzers/package-info.java
jline/solvers/ctmc/handlers/Solver_ctmc.kt	kt-post-migration-only	NONE
jline/solvers/ctmc/handlers/Solver_ctmc_joint.kt	kt-post-migration-only	NONE
jline/solvers/ctmc/handlers/Solver_ctmc_jointaggr.kt	kt-post-migration-only	NONE
jline/solvers/ctmc/handlers/Solver_ctmc_marg.kt	kt-post-migration-only	NONE
jline/solvers/ctmc/handlers/Solver_ctmc_margaggr.kt	kt-post-migration-only	NONE
jline/solvers/ctmc/handlers/package-info.java	java-already	jar/src/main/kotlin/jline/solvers/ctmc/handlers/package-info.java
jline/solvers/ctmc/package-info.java	java-already	jar/src/main/kotlin/jline/solvers/ctmc/package-info.java
jline/solvers/env/ENV.java	java-already	jar/src/main/kotlin/jline/solvers/env/ENV.java
jline/solvers/env/EnvOptions.java	java-already	jar/src/main/kotlin/jline/solvers/env/EnvOptions.java
jline/solvers/env/RenvEvent.java	java-already	jar/src/main/kotlin/jline/solvers/env/RenvEvent.java
jline/solvers/env/SolverENV.java	java-already	jar/src/main/kotlin/jline/solvers/env/SolverENV.java
jline/solvers/env/package-info.java	java-already	jar/src/main/kotlin/jline/solvers/env/package-info.java
jline/solvers/fluid/FLD.java	java-already	jar/src/main/kotlin/jline/solvers/fluid/FLD.java
jline/solvers/fluid/Fluid.java	java-already	jar/src/main/kotlin/jline/solvers/fluid/Fluid.java
jline/solvers/fluid/FluidOptions.java	java-already	jar/src/main/kotlin/jline/solvers/fluid/FluidOptions.java
jline/solvers/fluid/FluidResult.java	java-already	jar/src/main/kotlin/jline/solvers/fluid/FluidResult.java
jline/solvers/fluid/LSODAExt.java	java-already	jar/src/main/kotlin/jline/solvers/fluid/LSODAExt.java
jline/solvers/fluid/SolverFluid.java	java-already	jar/src/main/kotlin/jline/solvers/fluid/SolverFluid.java
jline/solvers/fluid/analyzers/ClosingAndStateDepMethodsAnalyzer.kt	kt-with-direct	/home/gcasale/Dropbox/code/line-stash.git/old-versions/2.0.35/extracted/imperial-qore-line-solver-7b034f1/java/src/main/java/jline/solvers/fluid/analyzers/ClosingAndStateDepMethodsAnalyzer.java
jline/solvers/fluid/analyzers/FluidAnalyzer.java	java-already	jar/src/main/kotlin/jline/solvers/fluid/analyzers/FluidAnalyzer.java
jline/solvers/fluid/analyzers/MFQAnalyzer.kt	kt-post-migration-only	NONE
jline/solvers/fluid/analyzers/MatrixMethodAnalyzer.kt	kt-with-direct	/home/gcasale/Dropbox/code/line-stash.git/old-versions/2.0.35/extracted/imperial-qore-line-solver-7b034f1/java/src/main/java/jline/solvers/fluid/analyzers/MatrixMethodAnalyzer.java
jline/solvers/fluid/analyzers/RMFAnalyzer.java	java-already	jar/src/main/kotlin/jline/solvers/fluid/analyzers/RMFAnalyzer.java
jline/solvers/fluid/analyzers/package-info.java	java-already	jar/src/main/kotlin/jline/solvers/fluid/analyzers/package-info.java
jline/solvers/fluid/handlers/CMAESObjectiveFunction.java	java-already	jar/src/main/kotlin/jline/solvers/fluid/handlers/CMAESObjectiveFunction.java
jline/solvers/fluid/handlers/ClosingAndStateDepMethodsODE.java	java-already	jar/src/main/kotlin/jline/solvers/fluid/handlers/ClosingAndStateDepMethodsODE.java
jline/solvers/fluid/handlers/ImmediateElimination.java	java-already	jar/src/main/kotlin/jline/solvers/fluid/handlers/ImmediateElimination.java
jline/solvers/fluid/handlers/MatrixMethodODE.java	java-already	jar/src/main/kotlin/jline/solvers/fluid/handlers/MatrixMethodODE.java
jline/solvers/fluid/handlers/MethodStepHandler.java	java-already	jar/src/main/kotlin/jline/solvers/fluid/handlers/MethodStepHandler.java
jline/solvers/fluid/handlers/PStarOptimisationFunction.java	java-already	jar/src/main/kotlin/jline/solvers/fluid/handlers/PStarOptimisationFunction.java
jline/solvers/fluid/handlers/PStarSearcher.java	java-already	jar/src/main/kotlin/jline/solvers/fluid/handlers/PStarSearcher.java
jline/solvers/fluid/handlers/PassageTimeODE.java	java-already	jar/src/main/kotlin/jline/solvers/fluid/handlers/PassageTimeODE.java
jline/solvers/fluid/handlers/TransientDataHandler.java	java-already	jar/src/main/kotlin/jline/solvers/fluid/handlers/TransientDataHandler.java
jline/solvers/fluid/handlers/package-info.java	java-already	jar/src/main/kotlin/jline/solvers/fluid/handlers/package-info.java
jline/solvers/fluid/package-info.java	java-already	jar/src/main/kotlin/jline/solvers/fluid/package-info.java
jline/solvers/jmt/JMT.java	java-already	jar/src/main/kotlin/jline/solvers/jmt/JMT.java
jline/solvers/jmt/JMTOptions.java	java-already	jar/src/main/kotlin/jline/solvers/jmt/JMTOptions.java
jline/solvers/jmt/JMTResult.java	java-already	jar/src/main/kotlin/jline/solvers/jmt/JMTResult.java
jline/solvers/jmt/SolverJMT.java	java-already	jar/src/main/kotlin/jline/solvers/jmt/SolverJMT.java
jline/solvers/jmt/handlers/SaveHandlers.java	java-already	jar/src/main/kotlin/jline/solvers/jmt/handlers/SaveHandlers.java
jline/solvers/jmt/handlers/package-info.java	java-already	jar/src/main/kotlin/jline/solvers/jmt/handlers/package-info.java
jline/solvers/jmt/io/JMTIO.java	java-already	jar/src/main/kotlin/jline/solvers/jmt/io/JMTIO.java
jline/solvers/jmt/package-info.java	java-already	jar/src/main/kotlin/jline/solvers/jmt/package-info.java
jline/solvers/ldes/LDES.java	java-already	jar/src/main/kotlin/jline/solvers/ldes/LDES.java
jline/solvers/ldes/LDESOptions.java	java-already	jar/src/main/kotlin/jline/solvers/ldes/LDESOptions.java
jline/solvers/ldes/LDESResult.java	java-already	jar/src/main/kotlin/jline/solvers/ldes/LDESResult.java
jline/solvers/ldes/LNLDESResult.java	java-already	jar/src/main/kotlin/jline/solvers/ldes/LNLDESResult.java
jline/solvers/ldes/SolverLDES.java	java-already	jar/src/main/kotlin/jline/solvers/ldes/SolverLDES.java
jline/solvers/ldes/analyzers/Solver_ldes_analyzer.kt	kt-post-migration-only	NONE
jline/solvers/ldes/analyzers/Solver_ldes_analyzer_parallel.kt	kt-post-migration-only	NONE
jline/solvers/ldes/analyzers/Solver_ldes_ln_analyzer.kt	kt-post-migration-only	NONE
jline/solvers/ldes/handlers/Solver_ssj.kt	kt-post-migration-only	NONE
jline/solvers/ldes/handlers/Solver_ssj_ln.kt	kt-post-migration-only	NONE
jline/solvers/ldes/package-info.java	java-already	jar/src/main/kotlin/jline/solvers/ldes/package-info.java
jline/solvers/ln/LN.java	java-already	jar/src/main/kotlin/jline/solvers/ln/LN.java
jline/solvers/ln/LNOptions.java	java-already	jar/src/main/kotlin/jline/solvers/ln/LNOptions.java
jline/solvers/ln/SolverFactory.java	java-already	jar/src/main/kotlin/jline/solvers/ln/SolverFactory.java
jline/solvers/ln/SolverLN.java	java-already	jar/src/main/kotlin/jline/solvers/ln/SolverLN.java
jline/solvers/ln/package-info.java	java-already	jar/src/main/kotlin/jline/solvers/ln/package-info.java
jline/solvers/lqns/LQNS.java	java-already	jar/src/main/kotlin/jline/solvers/lqns/LQNS.java
jline/solvers/lqns/LQNSOptions.java	java-already	jar/src/main/kotlin/jline/solvers/lqns/LQNSOptions.java
jline/solvers/lqns/SolverLQNS.java	java-already	jar/src/main/kotlin/jline/solvers/lqns/SolverLQNS.java
jline/solvers/lqns/package-info.java	java-already	jar/src/main/kotlin/jline/solvers/lqns/package-info.java
jline/solvers/mam/MAM.java	java-already	jar/src/main/kotlin/jline/solvers/mam/MAM.java
jline/solvers/mam/MAMOptions.java	java-already	jar/src/main/kotlin/jline/solvers/mam/MAMOptions.java
jline/solvers/mam/MAMResult.java	java-already	jar/src/main/kotlin/jline/solvers/mam/MAMResult.java
jline/solvers/mam/SolverMAM.java	java-already	jar/src/main/kotlin/jline/solvers/mam/SolverMAM.java
jline/solvers/mam/SolverMAMFJ.kt	kt-post-migration-only	NONE
jline/solvers/mam/analyzers/Solver_mam_analyzer.kt	kt-post-migration-only	NONE
jline/solvers/mam/analyzers/package-info.java	java-already	jar/src/main/kotlin/jline/solvers/mam/analyzers/package-info.java
jline/solvers/mam/handlers/Qna_superpos.kt	kt-post-migration-only	NONE
jline/solvers/mam/handlers/Solver_mam.kt	kt-post-migration-only	NONE
jline/solvers/mam/handlers/Solver_mam_ag.kt	kt-post-migration-only	NONE
jline/solvers/mam/handlers/Solver_mam_basic.kt	kt-post-migration-only	NONE
jline/solvers/mam/handlers/Solver_mam_basic_mmap.kt	kt-post-migration-only	NONE
jline/solvers/mam/handlers/Solver_mam_bmap_map_1.kt	kt-post-migration-only	NONE
jline/solvers/mam/handlers/Solver_mam_build_ag.kt	kt-post-migration-only	NONE
jline/solvers/mam/handlers/Solver_mam_inap.kt	kt-post-migration-only	NONE
jline/solvers/mam/handlers/Solver_mam_ldqbd.kt	kt-post-migration-only	NONE
jline/solvers/mam/handlers/Solver_mam_ldqbd_transient.kt	kt-post-migration-only	NONE
jline/solvers/mam/handlers/Solver_mam_map_bmap_1.kt	kt-post-migration-only	NONE
jline/solvers/mam/handlers/Solver_mam_metrics.kt	kt-post-migration-only	NONE
jline/solvers/mam/handlers/Solver_mam_passage_time.kt	kt-post-migration-only	NONE
jline/solvers/mam/handlers/Solver_mam_retrial.kt	kt-post-migration-only	NONE
jline/solvers/mam/handlers/Solver_mam_traffic.kt	kt-post-migration-only	NONE
jline/solvers/mam/handlers/Solver_mna.kt	kt-post-migration-only	NONE
jline/solvers/mam/handlers/Solver_mna_closed.kt	kt-post-migration-only	NONE
jline/solvers/mam/handlers/Solver_mna_open.kt	kt-post-migration-only	NONE
jline/solvers/mam/handlers/package-info.java	java-already	jar/src/main/kotlin/jline/solvers/mam/handlers/package-info.java
jline/solvers/mam/package-info.java	java-already	jar/src/main/kotlin/jline/solvers/mam/package-info.java
jline/solvers/mva/MVA.java	java-already	jar/src/main/kotlin/jline/solvers/mva/MVA.java
jline/solvers/mva/MVAOptions.java	java-already	jar/src/main/kotlin/jline/solvers/mva/MVAOptions.java
jline/solvers/mva/MVAResult.java	java-already	jar/src/main/kotlin/jline/solvers/mva/MVAResult.java
jline/solvers/mva/ProbabilityResult.java	java-already	jar/src/main/kotlin/jline/solvers/mva/ProbabilityResult.java
jline/solvers/mva/SolverMVA.java	java-already	jar/src/main/kotlin/jline/solvers/mva/SolverMVA.java
jline/solvers/mva/analyzers/Solver_mva_analyzer.kt	kt-post-migration-only	NONE
jline/solvers/mva/analyzers/Solver_mva_bound_analyzer.kt	kt-post-migration-only	NONE
jline/solvers/mva/analyzers/Solver_mva_cache_analyzer.kt	kt-post-migration-only	NONE
jline/solvers/mva/analyzers/Solver_mva_cacheqn_analyzer.kt	kt-post-migration-only	NONE
jline/solvers/mva/analyzers/Solver_mva_polling_analyzer.kt	kt-post-migration-only	NONE
jline/solvers/mva/analyzers/Solver_mva_qsys_analyzer.kt	kt-post-migration-only	NONE
jline/solvers/mva/analyzers/Solver_mvald_analyzer.kt	kt-post-migration-only	NONE
jline/solvers/mva/analyzers/package-info.java	java-already	jar/src/main/kotlin/jline/solvers/mva/analyzers/package-info.java
jline/solvers/mva/handlers/MVARunner.java	java-already	jar/src/main/kotlin/jline/solvers/mva/handlers/MVARunner.java
jline/solvers/mva/handlers/MVASolverHandler.kt	kt-with-direct	/home/gcasale/Dropbox/code/line-stash.git/old-versions/2.0.35/extracted/imperial-qore-line-solver-7b034f1/java/src/main/java/jline/solvers/mva/handlers/MVASolverHandler.java
jline/solvers/mva/handlers/Solver_amva.kt	kt-post-migration-only	NONE
jline/solvers/mva/handlers/Solver_amvald.kt	kt-post-migration-only	NONE
jline/solvers/mva/handlers/Solver_mva.kt	kt-post-migration-only	NONE
jline/solvers/mva/handlers/Solver_mva_lcfsqn.kt	kt-post-migration-only	NONE
jline/solvers/mva/handlers/Solver_mvald.kt	kt-post-migration-only	NONE
jline/solvers/mva/handlers/Solver_qna.kt	kt-post-migration-only	NONE
jline/solvers/mva/handlers/package-info.java	java-already	jar/src/main/kotlin/jline/solvers/mva/handlers/package-info.java
jline/solvers/mva/package-info.java	java-already	jar/src/main/kotlin/jline/solvers/mva/package-info.java
jline/solvers/nc/NC.java	java-already	jar/src/main/kotlin/jline/solvers/nc/NC.java
jline/solvers/nc/NCOptions.java	java-already	jar/src/main/kotlin/jline/solvers/nc/NCOptions.java
jline/solvers/nc/NCResult.java	java-already	jar/src/main/kotlin/jline/solvers/nc/NCResult.java
jline/solvers/nc/SolverNC.java	java-already	jar/src/main/kotlin/jline/solvers/nc/SolverNC.java
jline/solvers/nc/analyzers/Solver_nc_analyzer.kt	kt-post-migration-only	NONE
jline/solvers/nc/analyzers/Solver_nc_cache_analyzer.kt	kt-post-migration-only	NONE
jline/solvers/nc/analyzers/Solver_nc_cache_qn_analyzer.kt	kt-post-migration-only	NONE
jline/solvers/nc/analyzers/Solver_nc_lossn_analyzer.kt	kt-post-migration-only	NONE
jline/solvers/nc/analyzers/Solver_ncld_analyzer.kt	kt-post-migration-only	NONE
jline/solvers/nc/analyzers/package-info.java	java-already	jar/src/main/kotlin/jline/solvers/nc/analyzers/package-info.java
jline/solvers/nc/handlers/Solver_nc.kt	kt-post-migration-only	NONE
jline/solvers/nc/handlers/Solver_nc_conv.kt	kt-post-migration-only	NONE
jline/solvers/nc/handlers/Solver_nc_joint.kt	kt-post-migration-only	NONE
jline/solvers/nc/handlers/Solver_nc_jointaggr.kt	kt-post-migration-only	NONE
jline/solvers/nc/handlers/Solver_nc_jointaggr_ld.kt	kt-post-migration-only	NONE
jline/solvers/nc/handlers/Solver_nc_lcfsqn.kt	kt-post-migration-only	NONE
jline/solvers/nc/handlers/Solver_nc_marg.kt	kt-post-migration-only	NONE
jline/solvers/nc/handlers/Solver_nc_margaggr.kt	kt-post-migration-only	NONE
jline/solvers/nc/handlers/Solver_ncld.kt	kt-post-migration-only	NONE
jline/solvers/nc/handlers/package-info.java	java-already	jar/src/main/kotlin/jline/solvers/nc/handlers/package-info.java
jline/solvers/nc/package-info.java	java-already	jar/src/main/kotlin/jline/solvers/nc/package-info.java
jline/solvers/package-info.java	java-already	jar/src/main/kotlin/jline/solvers/package-info.java
jline/solvers/posterior/Posterior.java	java-already	jar/src/main/kotlin/jline/solvers/posterior/Posterior.java
jline/solvers/posterior/SolverPosterior.java	java-already	jar/src/main/kotlin/jline/solvers/posterior/SolverPosterior.java
jline/solvers/qns/QNS.java	java-already	jar/src/main/kotlin/jline/solvers/qns/QNS.java
jline/solvers/qns/QNSResult.java	java-already	jar/src/main/kotlin/jline/solvers/qns/QNSResult.java
jline/solvers/qns/SolverQNS.java	java-already	jar/src/main/kotlin/jline/solvers/qns/SolverQNS.java
jline/solvers/qns/analyzers/Solver_qns_analyzer.kt	kt-post-migration-only	NONE
jline/solvers/qns/analyzers/package-info.java	java-already	jar/src/main/kotlin/jline/solvers/qns/analyzers/package-info.java
jline/solvers/qns/handlers/Solver_qns.kt	kt-post-migration-only	NONE
jline/solvers/qns/handlers/package-info.java	java-already	jar/src/main/kotlin/jline/solvers/qns/handlers/package-info.java
jline/solvers/qns/package-info.java	java-already	jar/src/main/kotlin/jline/solvers/qns/package-info.java
jline/solvers/ssa/SSA.java	java-already	jar/src/main/kotlin/jline/solvers/ssa/SSA.java
jline/solvers/ssa/SSAOptions.java	java-already	jar/src/main/kotlin/jline/solvers/ssa/SSAOptions.java
jline/solvers/ssa/SSAResult.java	java-already	jar/src/main/kotlin/jline/solvers/ssa/SSAResult.java
jline/solvers/ssa/SSAValues.java	java-already	jar/src/main/kotlin/jline/solvers/ssa/SSAValues.java
jline/solvers/ssa/SampleNodeState.java	java-already	jar/src/main/kotlin/jline/solvers/ssa/SampleNodeState.java
jline/solvers/ssa/SampleSysState.java	java-already	jar/src/main/kotlin/jline/solvers/ssa/SampleSysState.java
jline/solvers/ssa/SolverSSA.java	java-already	jar/src/main/kotlin/jline/solvers/ssa/SolverSSA.java
jline/solvers/ssa/analyzers/Solver_ssa_analyzer.kt	kt-post-migration-only	NONE
jline/solvers/ssa/analyzers/Solver_ssa_analyzer_nrm.kt	kt-post-migration-only	NONE
jline/solvers/ssa/analyzers/Solver_ssa_analyzer_nrm_space.kt	kt-post-migration-only	NONE
jline/solvers/ssa/analyzers/Solver_ssa_analyzer_parallel.kt	kt-post-migration-only	NONE
jline/solvers/ssa/analyzers/Solver_ssa_analyzer_serial.kt	kt-post-migration-only	NONE
jline/solvers/ssa/analyzers/package-info.java	java-already	jar/src/main/kotlin/jline/solvers/ssa/analyzers/package-info.java
jline/solvers/ssa/handlers/Solver_ssa.kt	kt-post-migration-only	NONE
jline/solvers/ssa/handlers/Solver_ssa_findenabled.kt	kt-post-migration-only	NONE
jline/solvers/ssa/handlers/Solver_ssa_nrm.kt	kt-post-migration-only	NONE
jline/solvers/ssa/handlers/Solver_ssa_nrm_space.kt	kt-post-migration-only	NONE
jline/solvers/ssa/handlers/Solver_ssa_reachability.kt	kt-post-migration-only	NONE
jline/solvers/ssa/handlers/package-info.java	java-already	jar/src/main/kotlin/jline/solvers/ssa/handlers/package-info.java
jline/solvers/ssa/package-info.java	java-already	jar/src/main/kotlin/jline/solvers/ssa/package-info.java
jline/streaming/Collector.java	java-already	jar/src/main/kotlin/jline/streaming/Collector.java
jline/streaming/HttpMetricsClient.java	java-already	jar/src/main/kotlin/jline/streaming/HttpMetricsClient.java
jline/streaming/MockHttpReceiver.java	java-already	jar/src/main/kotlin/jline/streaming/MockHttpReceiver.java
jline/streaming/MockOtlpReceiver.java	java-already	jar/src/main/kotlin/jline/streaming/MockOtlpReceiver.java
jline/streaming/OtlpMetricsClient.java	java-already	jar/src/main/kotlin/jline/streaming/OtlpMetricsClient.java
jline/streaming/SSAMetricPoint.java	java-already	jar/src/main/kotlin/jline/streaming/SSAMetricPoint.java
jline/streaming/StreamingOptions.java	java-already	jar/src/main/kotlin/jline/streaming/StreamingOptions.java
jline/unified/ModelRegistry.kt	kt-post-migration-only	NONE
jline/unified/UnifiedTestRunner.kt	kt-post-migration-only	NONE
jline/unified/UnifiedTestSuite.kt	kt-post-migration-only	NONE
jline/util/GMMUtils.java	java-already	jar/src/main/kotlin/jline/util/GMMUtils.java
jline/util/MatFileUtils.java	java-already	jar/src/main/kotlin/jline/util/MatFileUtils.java
jline/util/Maths.java	java-already	jar/src/main/kotlin/jline/util/Maths.java
jline/util/NamedParam.java	java-already	jar/src/main/kotlin/jline/util/NamedParam.java
jline/util/Pair.java	java-already	jar/src/main/kotlin/jline/util/Pair.java
jline/util/PopulationLattice.java	java-already	jar/src/main/kotlin/jline/util/PopulationLattice.java
jline/util/PrecomputedCDFunction.java	java-already	jar/src/main/kotlin/jline/util/PrecomputedCDFunction.java
jline/util/PythonCaller.java	java-already	jar/src/main/kotlin/jline/util/PythonCaller.java
jline/util/RandomManager.java	java-already	jar/src/main/kotlin/jline/util/RandomManager.java
jline/util/SerializableFunction.java	java-already	jar/src/main/kotlin/jline/util/SerializableFunction.java
jline/util/ThreadLocalRandom.java	java-already	jar/src/main/kotlin/jline/util/ThreadLocalRandom.java
jline/util/UniqueRowResult.java	java-already	jar/src/main/kotlin/jline/util/UniqueRowResult.java
jline/util/Utils.java	java-already	jar/src/main/kotlin/jline/util/Utils.java
jline/util/graph/DirectedGraph.java	java-already	jar/src/main/kotlin/jline/util/graph/DirectedGraph.java
jline/util/graph/UndirectedGraph.java	java-already	jar/src/main/kotlin/jline/util/graph/UndirectedGraph.java
jline/util/graph/package-info.java	java-already	jar/src/main/kotlin/jline/util/graph/package-info.java
jline/util/matrix/BaseMatrix.java	java-already	jar/src/main/kotlin/jline/util/matrix/BaseMatrix.java
jline/util/matrix/ColumnView.java	java-already	jar/src/main/kotlin/jline/util/matrix/ColumnView.java
jline/util/matrix/ComplexMatrix.java	java-already	jar/src/main/kotlin/jline/util/matrix/ComplexMatrix.java
jline/util/matrix/DenseMatrix.java	java-already	jar/src/main/kotlin/jline/util/matrix/DenseMatrix.java
jline/util/matrix/DenseMatrixImpl.java	java-already	jar/src/main/kotlin/jline/util/matrix/DenseMatrixImpl.java
jline/util/matrix/Matrix.java	java-already	jar/src/main/kotlin/jline/util/matrix/Matrix.java
jline/util/matrix/MatrixCell.java	java-already	jar/src/main/kotlin/jline/util/matrix/MatrixCell.java
jline/util/matrix/MatrixEquation.java	java-already	jar/src/main/kotlin/jline/util/matrix/MatrixEquation.java
jline/util/matrix/RowView.java	java-already	jar/src/main/kotlin/jline/util/matrix/RowView.java
jline/util/matrix/SparseMatrix.java	java-already	jar/src/main/kotlin/jline/util/matrix/SparseMatrix.java
jline/util/matrix/SparseMatrixImpl.java	java-already	jar/src/main/kotlin/jline/util/matrix/SparseMatrixImpl.java
jline/util/matrix/package-info.java	java-already	jar/src/main/kotlin/jline/util/matrix/package-info.java
jline/util/package-info.java	java-already	jar/src/main/kotlin/jline/util/package-info.java
